post_url,comment_id,platform,author,comment_text,date,Views,sentiment,like,reply
https://www.threads.com/@ortuseight/post/DdUB9l6Ekbx,,Threads,theyudistiraputra,Kolaborasi buat sepatu? Secara visual design? Coba colek @koma_idn,2026-09-15T16:25:12.000Z,,,,
https://www.threads.com/@ortuseight/post/DdUB9l6Ekbx,,Threads,maherajaya,Baru debut ultra trail nih min pake Ortus Rinjani 😉,2026-09-15T16:15:37.000Z,,,,
https://www.threads.com/@ortuseight/post/DdUB9l6Ekbx,,Threads,veby_senopatisilam,pake ortus always nih min,2026-09-15T23:14:50.000Z,,,,
https://www.threads.com/@ortuseight/post/DdUB9l6Ekbx,,Threads,baguz_swd,Sama pro att min,2026-09-15T15:30:27.000Z,,,,
https://www.threads.com/@ortuseight/post/DdUB9l6Ekbx,,Threads,yoyoktc16,sama PRABOWO min,2026-09-15T23:10:47.000Z,,,,
https://www.threads.com/@ortuseight/post/DdUB9l6Ekbx,,Threads,revirll,Ayoo minnn gasin,2026-09-15T21:24:31.000Z,,,,
https://www.threads.com/@ortuseight/post/DdUB9l6Ekbx,,Threads,aris.handkook,"Sama Maudy Ayunda min, biar sepatunya makin ringan kayak kita gak banyak baca bad news... Gitu",2026-09-15T22:55:59.000Z,,,,
https://www.threads.com/@ortuseight/post/DdUB9l6Ekbx,,Threads,zahravidza,sama gw min,2026-09-15T23:09:15.000Z,,,,
https://www.threads.com/@ortuseight/post/DdUB9l6Ekbx,,Threads,s.wahyuni91,Sama aku plis,2026-09-15T21:55:51.000Z,,,,
https://www.threads.com/@ortuseight/post/DdUB9l6Ekbx,,Threads,syesu.el,☝️☝️☝️,2026-09-15T19:53:31.000Z,,,,
https://www.threads.com/@ortuseight/post/DdUB9l6Ekbx,,Threads,ekokopral026,Sama aku yuk min,2026-09-15T15:46:27.000Z,,,,
https://www.threads.com/@ortuseight/post/DdUB9l6Ekbx,,Threads,ridwan_syah2,"Minat min, izin https://www.instagram.com/ridwan_syah2?stkn=MTE2enI3Y2VxNXkzeg%3D%3D&utm_source=qr",2026-09-15T23:00:38.000Z,,,,
https://www.threads.com/@ortuseight/post/DdUB9l6Ekbx,,Threads,cellaaradn,mauu min,2026-09-15T21:44:17.000Z,,,,
https://www.threads.com/@ortuseight/post/DdUB9l6Ekbx,,Threads,kyfend_,sama saya tapi ya saya gatau siapa saya kira' siapa hayo,2026-09-15T15:34:18.000Z,,,,
https://www.threads.com/@ortuseight/post/DdUB9l6Ekbx,,Threads,ridarida.nd,ayo sama akuh~,2026-09-15T15:49:17.000Z,,,,
https://www.threads.com/@ortuseight/post/DdUB9l6Ekbx,,Threads,hilmidhiya,Sama red panda min,2026-09-15T15:31:00.000Z,,,,
https://www.threads.com/@ortuseight/post/DdUB9l6Ekbx,,Threads,aswaragus,ortus x king aloy aja 😬,2026-09-15T22:42:11.000Z,,,,
https://www.threads.com/@ortuseight/post/DdUB9l6Ekbx,,Threads,r3jahx,beliau @wizkhalifa,2026-09-15T16:10:00.000Z,,,,
https://www.threads.com/@ortuseight/post/DdUB9l6Ekbx,,Threads,bababay._,Aku,2026-09-15T23:01:23.000Z,,,,
https://www.threads.com/@ortuseight/post/DdUB9l6Ekbx,,Threads,rendynnovianto,Aku mah apa atuh,2026-09-15T15:59:36.000Z,,,,
https://www.threads.com/@ortuseight/post/DdUB9l6Ekbx,,Threads,_andsant13,"Siap collab ka bareng ortuseight. Semoga bisa collab.

https://www.instagram.com/_andsant13?stkn=MTVyeDRvdGVmOWhtcw%3D%3D&utm_source=qr",2026-09-15T15:48:01.000Z,,,,
https://www.threads.com/@ortuseight/post/DdUB9l6Ekbx,,Threads,dickyyfeb_,Mau dong min siapa tau bisa kerja sama ortus buat kebutuhan latihan lari ku @ortuseight,2026-09-15T15:47:42.000Z,,,,
https://www.threads.com/@ortuseight/post/DdUB9l6Ekbx,,Threads,michael.laurencee,"halo ka,
aku michael laurence. i'm very interested to take a chance in your project. and now aku lagi belajar untuk jadi talent KOL dan lagi proses kumpulin portofolio, hopefuly bisa ikut join one of the team.
ijin share instagram yah ka🙏🏻
https://www.instagram.com/michael.laurencee?stkn
tiktok
https://www.tiktok.com/@michael.laurence?_r",2026-09-15T22:06:55.000Z,,,,
https://www.threads.com/@ortuseight/post/DdUB9l6Ekbx,,Threads,vikrifirdaus,Pak pur,2026-09-15T15:51:35.000Z,,,,
https://www.threads.com/@ortuseight/post/DdUB9l6Ekbx,,Threads,bataefendi,Sama standup comedian dong,2026-09-15T20:25:16.000Z,,,,
https://www.threads.com/@ortuseight/post/DdUB9l6Ekbx,,Threads,faiq.fattt_,"mintusss(admin ortus),sama aku yok😭🙏🏻",2026-09-15T16:15:55.000Z,,,,
https://www.threads.com/@ortuseight/post/DdUB9l6Ekbx,,Threads,wulandxiwang,"Sama aku boleh min
instagram.com/wulandxiwang",2026-09-15T16:15:36.000Z,,,,
https://www.threads.com/@ortuseight/post/DdUB9l6Ekbx,,Threads,johanescus,"Sama Pak Ganjar Min, beliau suka lari, kalo saya liat dari postingannya",2026-09-15T15:46:27.000Z,,,,
https://www.threads.com/@ortuseight/post/DdUB9l6Ekbx,,Threads,ikiaditiaw,Sama @specs_indonesia dong,2026-09-15T20:24:52.000Z,,,,
https://www.threads.com/@ortuseight/post/DdUB9l6Ekbx,,Threads,johanchaiyady,"Pak purbaya lg kosong ni min, coba apakan dulu. Biar apa sikit kan. ✌️",2026-09-15T17:06:07.000Z,,,,
https://www.threads.com/@ortuseight/post/DdUB9l6Ekbx,,Threads,ouyraaaa,Sama pak prabowo aja minn nanti biar dinotice satu indonesia 😊,2026-09-15T15:59:52.000Z,,,,
https://www.threads.com/@ortuseight/post/DdUB9l6Ekbx,,Threads,taurahman,Boleh jg ni min buat aku bormar,2026-09-15T21:12:49.000Z,,,,
https://www.threads.com/@ortuseight/post/DdUB9l6Ekbx,,Threads,ardiandeniii,Boleh min sama @ardiandeniii,2026-09-15T15:54:03.000Z,,,,
https://www.threads.com/@ortuseight/post/DdUB9l6Ekbx,,Threads,rizqaamari,sm gue🫰🏻,2026-09-15T23:11:37.000Z,,,,
https://www.threads.com/@ortuseight/post/DdUB9l6Ekbx,,Threads,deathandrebirth911,"péngen versi high, neon, gonjreng dan ada karakternya @balzesm 😂😂. sejauh ini masih ngarep ada artwork dia krn warnanya aku sekali 😂",2026-09-15T17:49:33.000Z,,,,
https://www.threads.com/@ortuseight/post/DdUB9l6Ekbx,,Threads,hyudd.99,drTirta min,2026-09-15T19:37:50.000Z,,,,
https://www.threads.com/@ortuseight/post/DdUB9l6Ekbx,,Threads,lepaskopling,"Sama aku min, langsung saja🫴🏻",2026-09-15T16:07:39.000Z,,,,
https://www.threads.com/@ortuseight/post/DdUB9l6Ekbx,,Threads,pinkpinkpunk_,Siapa tau ortus x pinkpunk akan sangat menggemaskannn,2026-09-15T17:59:31.000Z,,,,
https://www.threads.com/@ortuseight/post/DdUB9l6Ekbx,,Threads,yoizam,halo min @ortuseight sy anaknya ortus banget,2026-09-15T16:02:40.000Z,,,,
https://www.threads.com/@ortuseight/post/DdUB9l6Ekbx,,Threads,hakime02h,setiap event selalu dengan sepatu @ortuseight ini enak dan empuk 😁😁,2026-09-15T15:31:54.000Z,,,,
https://www.threads.com/@ortuseight/post/DdUB9l6Ekbx,,Threads,koma_idn,,2026-09-15T16:33:34.000Z,,,,
https://www.threads.com/@ortuseight/post/DdUB9l6Ekbx,,Threads,miiichellein,"Sama aku boleh 😝
TikTok: tiktok.com/@miiichelleimanuela
Instagram: instagram.com/miiichellein
Threads: threads.com/miiichellein
Shopee:",2026-09-15T16:19:22.000Z,,,,
https://www.threads.com/@ortuseight/post/DdUB9l6Ekbx,,Threads,runwithdimz,Sama saya aja… been running with this since 2024 sampe saat ini masih dipakai juga walau sol sudah mulai tergerus 🤣😂 ngareppp,2026-09-15T15:37:50.000Z,,,,
https://www.threads.com/@ortuseight/post/DdUB9l6Ekbx,,Threads,adit_insomnia,Ehem,2026-09-15T21:15:45.000Z,,,,
https://www.threads.com/@ortuseight/post/DdUB9l6Ekbx,,Threads,ortuseight,"Pas mau bobo kepikiran, bikin kolaborasi buat sepatu asik kali yeee tp sama siapa?▓",2026-09-15T15:27:05.000Z,,,,
https://www.threads.com/@latecapt/post/DdQw5ThmeRv,,Threads,tyasajaudah,"kontribusi selain bayar pajak?
1. Gak pake LPDP, karena tanggung jawabnya berat (re : harus ada kontribusi ke rakyat lg)
2. Gak ambil hasil bumi papua untuk bahan baku skincare nya dan dijual mahal padahal katanya “produk lokal”
3. Seenggaknya kalo gabisa ubah keadaan Indonesia, minimal gausah ngontenin “gimana cara biar ga stres karena bad news” disaat banyak temen2 kita lg dlm bencana
Cukup ga mas?",2026-09-14T14:59:31.000Z,,,,
https://www.threads.com/@latecapt/post/DdQw5ThmeRv,,Threads,sedyaarantri,"Aku bayar pajak tapi gak pernah pake barang subsidi. Sori, maudy itu LPDP ya.",2026-09-14T09:26:52.000Z,,,,
https://www.threads.com/@latecapt/post/DdQw5ThmeRv,,Threads,ahmd2121h,Mau ngasih bintang satu di play store tapi harus bikin game/aplikasi dulu 😢,2026-09-14T09:14:59.000Z,,,,
https://www.threads.com/@latecapt/post/DdQw5ThmeRv,,Threads,fadhlun.journal,Kontribu Maudy emgnya apa buat negara? Saya taunya dia pakai uang pajak buat kuliah dia yang ilmunya kurang dipakai,2026-09-14T14:54:12.000Z,,,,
https://www.threads.com/@latecapt/post/DdQw5ThmeRv,,Threads,panges10,Kalo bayar pajak cuma dianggap 'hanya' — kita lihat aja gimana respon pemerintah kalo setoran pajaknya berkurang yh,2026-09-15T21:43:14.000Z,,,,
https://www.threads.com/@latecapt/post/DdQw5ThmeRv,,Threads,latecapt,"Kontribusinya bayar pajak? Semua orang juga bayar pajak kali, nggak perlu ngerasa hebat hanya karena bayar pajak 😂",2026-09-14T09:00:14.000Z,,,,
https://www.threads.com/@latecapt/post/DdUVpH4mR23,,Threads,fabelousie,Jawaban anda terdengar sarkastik~ Segininya belain maudy Ayunda kayak belain tuhan. Suaminya ya? Anyway postingan anda viral juga tuh di Twitter 😁 makin dihujat deh junjungannya,2026-09-15T20:12:00.000Z,,,,
https://www.threads.com/@latecapt/post/DdUVpH4mR23,,Threads,cuaaadummpszz,"ktnya pastinya tidak, gmna si lo",2026-09-15T19:17:41.000Z,,,,
https://www.threads.com/@latecapt/post/DdUVpH4mR23,,Threads,dhiyafaulfah,"Pastinya tidak ?
Well welll banyak yg lebih dari maudy coy. Dan dr. Andriani salah satu yg bisa langsung speak up apa aja yg dikerjakan. Bikin merinding Masya Allah ada org yg cerdas dan mau terjun langsung ke masyarakat dan pedalaman, bikin diri sendiri tertampar.
Saya balik, kalo maudy berkontribusi seperti dr. Andriani apakah bisa ?
Pastinya tidak. 🤷‍♀️",2026-09-15T22:11:40.000Z,,,,
https://www.threads.com/@latecapt/post/DdUVpH4mR23,,Threads,grge_sale_mma,"Kok lgsung bilang hormat, td sok keras. Hadeh modelan netizen ga lulus SD ya bgini, asal njeplak.",2026-09-15T21:31:47.000Z,,,,
https://www.threads.com/@latecapt/post/DdUVpH4mR23,,Threads,emak.anaksatu,"""Pastinya tidak""? Banyak baaanyaaaaakkkkk yang kontribusinya jauh lebih besar dari junjunganmu itu. Giliran dikasih paham baru deh ""hormat setinggi-tingginya"".
Apa iya kalau mau mengkritik harus ngasih tau dulu apa kontribusi kita?",2026-09-15T23:07:16.000Z,,,,
https://www.threads.com/@latecapt/post/DdUVpH4mR23,,Threads,rahmadiwk,"Gak konsisten omonganmu, su",2026-09-15T23:29:46.000Z,,,,
https://www.threads.com/@latecapt/post/DdUVpH4mR23,,Threads,duniaifas,Moron,2026-09-15T22:56:33.000Z,,,,
https://www.threads.com/@latecapt/post/DdUVpH4mR23,,Threads,imansantost,"Kl org Ponti ktm anda,trus lht ini, kmgkinan kata yg keluar dr mulut mereka adalah .......",2026-09-15T23:10:30.000Z,,,,
https://www.threads.com/@latecapt/post/DdUVpH4mR23,,Threads,menuaisemai,pastinya tidak????,2026-09-15T23:28:47.000Z,,,,
https://www.threads.com/@latecapt/post/DdUVpH4mR23,,Threads,sariah_bunga90,Katanya pastinya tidak...,2026-09-15T21:56:06.000Z,,,,
https://www.threads.com/@latecapt/post/DdUVpH4mR23,,Threads,dulurmuuu,Katanya pastinya tidak...,2026-09-15T23:17:24.000Z,,,,
https://www.threads.com/@latecapt/post/DdUVpH4mR23,,Threads,fadilahslubis,katanya ngga☹️ huuuu,2026-09-15T19:55:33.000Z,,,,
https://www.threads.com/@latecapt/post/DdUVpH4mR23,,Threads,sirenshadeee,Heleh,2026-09-15T23:12:53.000Z,,,,
https://www.threads.com/@latecapt/post/DdUVpH4mR23,,Threads,ardesignvisual,"Next jangan pernah nantangin...Ada langit diatas langit ...selalu itu!! Apalagi baru sekelas dia...banyak banget yang lebih berkontribusi hanya tidak banyak yang speak up aja, mereka sibuk....",2026-09-15T22:58:54.000Z,,,,
https://www.threads.com/@latecapt/post/DdUVpH4mR23,,Threads,frmnsimamora,Yeeeeu TAI,2026-09-15T23:27:09.000Z,,,,
https://www.threads.com/@latecapt/post/DdUVpH4mR23,,Threads,butternie,Yang hanya bicara dan tidak melakukan aksi nyata kan ANDA!,2026-09-15T23:30:15.000Z,,,,
https://www.threads.com/@latecapt/post/DdUVpH4mR23,,Threads,bebek_surfing,"PASTINYA TIDAK!!!!!!!!

Nih gue sambungin lagi yah....

PASTINYA TIDAK!!!!!",2026-09-15T22:44:08.000Z,,,,
https://www.threads.com/@latecapt/post/DdUVpH4mR23,,Threads,setiantoaditt,Yah jadi layu lo?,2026-09-15T22:27:48.000Z,,,,
https://www.threads.com/@latecapt/post/DdUVpH4mR23,,Threads,why_ringga,BACHOOOOT,2026-09-15T23:04:44.000Z,,,,
https://www.threads.com/@latecapt/post/DdUVpH4mR23,,Threads,kenyapadma,Anjayy sekaya apa si mody ampe punya bajer??,2026-09-15T23:05:00.000Z,,,,
https://www.threads.com/@latecapt/post/DdUVpH4mR23,,Threads,arthurlloyd00,Emang maody udah bikin apa buat negara??,2026-09-15T22:47:51.000Z,,,,
https://www.threads.com/@latecapt/post/DdUVpH4mR23,,Threads,drienov,Halaaahh kicep kan lo. Ketemu lawan yg lebih pro langsung ga berkutik 🤣🤣.,2026-09-15T23:03:12.000Z,,,,
https://www.threads.com/@latecapt/post/DdUVpH4mR23,,Threads,potajempato,pastinya tidak? pastinya tidak? pastinya tidak? pastinya tidak? pastinya tidak? pastinya tidak? pastinya tidak? pastinya tidak? pastinya tidak? pastinya tidak? pastinya tidak? pastinya tidak?,2026-09-15T23:23:58.000Z,,,,
https://www.threads.com/@latecapt/post/DdUVpH4mR23,,Threads,kitabiisa,Idih. Tolol,2026-09-15T21:31:46.000Z,,,,
https://www.threads.com/@latecapt/post/DdUVpH4mR23,,Threads,s.yuuya10,Cuihhh 🤮🤮,2026-09-15T23:28:35.000Z,,,,
https://www.threads.com/@latecapt/post/DdUVpH4mR23,,Threads,nadiashafirraa,Malu deh lu @latecapt,2026-09-15T21:34:19.000Z,,,,
https://www.threads.com/@latecapt/post/DdUVpH4mR23,,Threads,renixis,"Si paling antimainstream. Daripada tolol2in orang yg lagi susah, mending diem aja ngga sih?",2026-09-15T22:38:26.000Z,,,,
https://www.threads.com/@latecapt/post/DdUVpH4mR23,,Threads,wave.thesound,Mending dihapus mas. Malu sama dokternya!. Anda jawab dokter jg bahasanya AI banget.,2026-09-15T23:20:35.000Z,,,,
https://www.threads.com/@latecapt/post/DdUVpH4mR23,,Threads,curlywave,Tp yakali dr sekian banyak rakyat ini PASTI GA ADA yg kontribusinya lebih dr belio 🤣,2026-09-15T23:08:40.000Z,,,,
https://www.threads.com/@latecapt/post/DdUVpH4mR23,,Threads,mgreantara,"pasti tidaknya mana, kah?",2026-09-15T22:46:48.000Z,,,,
https://www.threads.com/@latecapt/post/DdUVpH4mR23,,Threads,ardiyafardhan,Pastinya tidak mana?????,2026-09-15T22:00:51.000Z,,,,
https://www.threads.com/@latecapt/post/DdUVpH4mR23,,Threads,eatgro,Lah,2026-09-15T23:05:44.000Z,,,,
https://www.threads.com/@latecapt/post/DdUVpH4mR23,,Threads,itsjjluv,iiihhh maluuuuu,2026-09-15T22:42:33.000Z,,,,
https://www.threads.com/@latecapt/post/DdUVpH4mR23,,Threads,sultansulaimannn,Ah taik!!,2026-09-15T22:02:06.000Z,,,,
https://www.threads.com/@latecapt/post/DdUVpH4mR23,,Threads,prameswari01,"Dih, malu",2026-09-15T22:46:35.000Z,,,,
https://www.threads.com/@latecapt/post/DdUVpH4mR23,,Threads,matchmatchaaaaa,Dih najis 😂 katanya “Pastinya tidak”,2026-09-15T22:38:14.000Z,,,,
https://www.threads.com/@latecapt/post/DdUVpH4mR23,,Threads,latecapt,"Terima kasih banyak dok atas dedikasi dan kontribusinya. Saya turut prihatin dengan apa yang dialami, semoga selalu diberikan kesehatan.

Anda layak jadi role model netizen yang langsung melakukan aksi nyata, bukan hanya bicara. Hormat setinggi-tingginya untuk dokter.",2026-09-15T18:19:03.000Z,,,,
https://www.threads.com/@hallolalalah/post/DdPz6q4Ex1d,,Threads,hallolalalah,"kabar buruk bertubi-tubi sebenarnya wajar.

Otak manusia nggak didesain untuk menerima kabar buruk dari seluruh dunia dalam jumlah sebanyak sekarang. Ditambah negativity bias, satu hal buruk bisa terasa jauh lebih besar sampai semuanya terlihat buruk.",2026-09-14T00:07:23.000Z,,,,
https://www.threads.com/@hallolalalah/post/DdPz6q4Ex1d,,Threads,hallolalalah,,2026-09-14T02:58:31.000Z,,,,
https://www.threads.com/@hallolalalah/post/DdPz6q4Ex1d,,Threads,novizon,"Entahlah..
Yang goblog itu Maudy nya atau Netizen sini.Dia bahas apa yang dihujat apa.Ngga ada yang salah dari Maudy nya cuma netijen sini nuntut macem-macem hanya karena dia artis.",2026-09-14T01:22:03.000Z,,,,
https://www.threads.com/@hallolalalah/post/DdPz6q4Ex1d,,Threads,princess_inz,"Gw paham tentang mindfulness, tapi yg menggelitik itu dia adalah artis yg terkenal 'berpendidikan' dan jurusannya adalah politik & ekonomi. Seharusnya dia kasih analisis mendalam tentang karhutla dll, kasih beberapa ide solusi, atau terjun langsung ke kalimantan kayak Sherina Munaf. Lah dia gak pernah bahas issue2 kayak gt, malah ngomong soal mindfulness 😂. Bukan kapasitas dia utk kasih edukasi soal mindfulness. Kurang cocok. Dia bukan psikolog, bukan praktisi spiritual",2026-09-14T01:04:25.000Z,,,,
https://www.threads.com/@hallolalalah/post/DdPz6q4Ex1d,,Threads,dwighto0o,"pdhl dia punya brand skincare dengan misi untuk menaikkan taraf petani serta sda lokal kita, mirisnya lagi lip produknya pakai bahan baku dari kalimantan dan jadi best produk dari brandnya, jadi gw nangkap nya cuma jadi transaksional aja gk peduli ekosistemnya, pdhl gw pgn lini skincare gw ada 1 dari brand dia karena visi misi brand dia tapi jadi mikir jelek kalau brandnya kayak cuma mau eksploitasi aja",2026-09-14T01:20:11.000Z,,,,
https://www.threads.com/@hallolalalah/post/DdPz6q4Ex1d,,Threads,netta_saleem,Kalo secara teori apa yg sedang dijabarkan memang sudah benar tapi dalam penerapannya untuk sikon di indo yg notabene rawan bencana alam yg akhir2 ini ada faktor campur tangan kesengajaan dari manusia yg serakah membuat sikon di realita tidak sesuai dg isi dari maksud teori yg dia paparkan sehingga netijen yg sedang mengalami bencana di beberapa tempat seperti di propinsi kalimantan yg secara fakta sikon gk sesuai teori buat prakteknya jd statement nya terkesan nir empati bertolak belakang,2026-09-14T02:49:39.000Z,,,,
https://www.threads.com/@hallolalalah/post/DdPz6q4Ex1d,,Threads,benimaulana2,"Sebenarnya video dia bagus kok, sayangnya dia berbicara seperti itu tanpa di barengi dengan ikut menyuarakan keresahan2 warga atas situasi dan kondisi negara kita akhir2 ini, coba yg berbicara seperti ini Cinta Laura warga gk akan rame dan menghujat, karena tahu track record Cinta selama ini yg ikut bersuara juga",2026-09-14T04:12:03.000Z,,,,
https://www.threads.com/@hallolalalah/post/DdPz6q4Ex1d,,Threads,mardana_d_hermadika,Woallah awalnya dari Maudy post video ini yg dampaknya ke mana-mana. Kl komen sesuai dgn video yg dia post sbnrnya ga salah tp krn masyarakat expekstasinya gede kali ya ke dia makanya kurang suka dgn videonya.,2026-09-14T04:58:02.000Z,,,,
https://www.threads.com/@hallolalalah/post/DdPz6q4Ex1d,,Threads,ooom.jay,Mindfulness butuh pondasi,2026-09-14T02:27:15.000Z,,,,
https://www.threads.com/@hallolalalah/post/DdPz6q4Ex1d,,Threads,ryzkisatria,Jadi bagian mana dari opininya yang menjadi permasalahan sebagian orang?,2026-09-14T00:54:24.000Z,,,,
https://www.threads.com/@hallolalalah/post/DdPz6q4Ex1d,,Threads,gfpriangga,karena Maudy Ayunda banyak uang sehingga menganggap apa yang dia gkat orang miskin tentang rasa laparnya akibat kebijakan politik dianggap berisik,2026-09-15T21:15:50.000Z,,,,
https://www.threads.com/@hallolalalah/post/DdPz6q4Ex1d,,Threads,aldonpt,"Niat Maudy Ayunda sangat baik,
Membagikan kebaikan bagi orang2 ""KAYA"" dan circle-nya utk tetap waras dan tdk stress, harus chill

Kalo org miskin, bukan tujuan die anjir tuh video, jgn kepedean wkakaka

Mana ada org miskin bisa tutup mata dan telinga dari bad news, org berdampak lgsg ke kehidupan org miskin wkwk",2026-09-14T11:30:22.000Z,,,,
https://www.threads.com/@hallolalalah/post/DdPz6q4Ex1d,,Threads,hallolalalah,"Video Maudy Ayunda soal mindfulness di tengah banyaknya bad news sedang ramai dibicarakan.

Dia cerita soal rasa overwhelmed, cara membatasi konsumsi berita, dan bagaimana tetap peduli tanpa ikut hancur.

Di sisi lain, respons publik terhadap video ini juga cukup keras. Aku rangkum isi videonya.",2026-09-14T00:07:23.000Z,,,,
https://www.threads.com/@tanishaevonne/post/DdUOgdbnHOM,,Threads,weenholmes,Exactly why you should speak out,2026-09-15T18:38:01.000Z,,,,
https://www.threads.com/@tanishaevonne/post/DdUOgdbnHOM,,Threads,alissoncarvalho347,A proposta mantém um equilíbrio visual muito agradável.,2026-09-15T18:02:15.000Z,,,,
https://www.threads.com/@tanishaevonne/post/DdUOgdbnHOM,,Threads,frankzuber,What's the point of making all that money when you're still going to be a bitch?,2026-09-15T18:24:00.000Z,,,,
https://www.threads.com/@tanishaevonne/post/DdUOgdbnHOM,,Threads,saidakj,,2026-09-15T19:59:51.000Z,,,,
https://www.threads.com/@tanishaevonne/post/DdUOgdbnHOM,,Threads,tofer138,,2026-09-15T18:00:26.000Z,,,,
https://www.threads.com/@tanishaevonne/post/DdUOgdbnHOM,,Threads,thatstuffisgay,Does his audience include the children being murdered?,2026-09-15T18:00:50.000Z,,,,
https://www.threads.com/@tanishaevonne/post/DdUOgdbnHOM,,Threads,sexandxtc,Those children will become adults we shouldn’t keep them ignorant,2026-09-15T17:28:32.000Z,,,,
https://www.threads.com/@tanishaevonne/post/DdUOgdbnHOM,,Threads,lav3nd3r.bon3s,"if Elmo can teach kids about 9/11, then a rich ass white man can say Free Palestine.",2026-09-15T20:10:20.000Z,,,,
https://www.threads.com/@tanishaevonne/post/DdUOgdbnHOM,,Threads,so_mercurial,"Yeah, teaching your children that genocide is a really, really, really bad, horrible, vile thing is abhorrent. 🤦🏼‍♀️",2026-09-15T18:28:08.000Z,,,,
https://www.threads.com/@tanishaevonne/post/DdUOgdbnHOM,,Threads,heatherflynnstagram,,2026-09-15T20:57:45.000Z,,,,
https://www.threads.com/@tanishaevonne/post/DdUOgdbnHOM,,Threads,minimioche,That’s the voice we want around our littles. 💚,2026-09-15T19:42:09.000Z,,,,
https://www.threads.com/@tanishaevonne/post/DdUOgdbnHOM,,Threads,megancollinswriter,As if there aren’t children in Palestine.,2026-09-15T19:51:24.000Z,,,,
https://www.threads.com/@tanishaevonne/post/DdUOgdbnHOM,,Threads,jennypenny1119,He told on his own self! 🙌🏽,2026-09-15T17:58:17.000Z,,,,
https://www.threads.com/@tanishaevonne/post/DdUOgdbnHOM,,Threads,mmc2153,Meanwhile my child is like “mom. Why are the adults allowed to hurt kids? When are these kids gonna become our neighbors so they can be safer? How can we help?”,2026-09-15T19:49:25.000Z,,,,
https://www.threads.com/@tanishaevonne/post/DdUOgdbnHOM,,Threads,ameyeright,"He speaks when he wants to speak…
https://www.threads.com/share/BATabTP83x/",2026-09-15T17:44:25.000Z,,,,
https://www.threads.com/@tanishaevonne/post/DdUOgdbnHOM,,Threads,crzycas,Children matter!,2026-09-15T23:30:45.000Z,,,,
https://www.threads.com/@tanishaevonne/post/DdUOgdbnHOM,,Threads,quizzicalchicken,How does that make sense? He can’t speak about genocide in front of children? But huge numbers of children can die in the genocide?,2026-09-15T23:08:50.000Z,,,,
https://www.threads.com/@tanishaevonne/post/DdUOgdbnHOM,,Threads,andyacton_atl76,Yet he ignores children who are dying in Gaza because Israel is pushing genocide,2026-09-15T21:18:13.000Z,,,,
https://www.threads.com/@tanishaevonne/post/DdUOgdbnHOM,,Threads,jptats,"It doesn’t include 20,000 dead Palestinian children. 😡",2026-09-15T22:58:37.000Z,,,,
https://www.threads.com/@tanishaevonne/post/DdUOgdbnHOM,,Threads,hotdogdwyer,Ed either quit or get educated by madam rachel,2026-09-15T20:21:36.000Z,,,,
https://www.threads.com/@tanishaevonne/post/DdUOgdbnHOM,,Threads,eloquentcntasauruswrecks,"20% of children in Palestine are amputees.
That statistic is not exaggerated.
1 in 5 children.
To bring that back home, that would be six children in one American classroom.",2026-09-15T20:45:50.000Z,,,,
https://www.threads.com/@tanishaevonne/post/DdUOgdbnHOM,,Threads,soldiersinpetticoatspress,I didn’t know he actually had an audience,2026-09-15T20:57:30.000Z,,,,
https://www.threads.com/@tanishaevonne/post/DdUOgdbnHOM,,Threads,gossipstructure,CHECK MATE,2026-09-15T20:09:10.000Z,,,,
https://www.threads.com/@tanishaevonne/post/DdUOgdbnHOM,,Threads,tanishaevonne,"Ed Sheeran: I don't speak out because my audience includes children.

Ms Rachel: Free Palestine, Black Lives Matter, silence is complicity 🗣🗣🗣",2026-09-15T17:16:42.000Z,,,,
https://www.threads.com/@pristtttt/post/DdTbqV1iU5V,,Threads,aliqaputry15,Sagi ko di lawan ya g bakal bisa🤭,2026-09-15T17:02:10.000Z,,,,
https://www.threads.com/@pristtttt/post/DdTbqV1iU5V,,Threads,darkbilonk,Hi sagi des here,2026-09-15T12:41:46.000Z,,,,
https://www.threads.com/@pristtttt/post/DdTbqV1iU5V,,Threads,sulis_tyowatiii,Tengkyuu apresiasinya 🙏,2026-09-15T09:58:55.000Z,,,,
https://www.threads.com/@pristtttt/post/DdTbqV1iU5V,,Threads,hushniea,Bener,2026-09-15T10:14:42.000Z,,,,
https://www.threads.com/@pristtttt/post/DdTbqV1iU5V,,Threads,sosoafilla,Sagi best,2026-09-15T11:58:38.000Z,,,,
https://www.threads.com/@pristtttt/post/DdTbqV1iU5V,,Threads,ayanaalsenani,Maudy Ayunda is a Sagittarian. 🙂,2026-09-15T19:01:30.000Z,,,,
https://www.threads.com/@pristtttt/post/DdTbqV1iU5V,,Threads,mitarosin,Preeeettttt,2026-09-15T12:07:56.000Z,,,,
https://www.threads.com/@pristtttt/post/DdTbqV1iU5V,,Threads,wendy9reen,Sagi diam aja bikin orang kebakaran jenggot😂,2026-09-15T15:43:58.000Z,,,,
https://www.threads.com/@pristtttt/post/DdTbqV1iU5V,,Threads,kielcoded,gahaha😭,2026-09-15T16:29:54.000Z,,,,
https://www.threads.com/@pristtttt/post/DdTbqV1iU5V,,Threads,dalisha128718,Betuul kan gt,2026-09-15T10:02:40.000Z,,,,
https://www.threads.com/@pristtttt/post/DdTbqV1iU5V,,Threads,litadestiani07,Ai ihh dipanggil panggil mulu wkwk,2026-09-15T14:24:29.000Z,,,,
https://www.threads.com/@pristtttt/post/DdTbqV1iU5V,,Threads,litadestiani07,Ai ihh dipanggil panggil mulu wkwk,2026-09-15T14:30:32.000Z,,,,
https://www.threads.com/@pristtttt/post/DdTbqV1iU5V,,Threads,pristtttt,"Kenapa ini pada ngomongin Sagitarius? Oh iya lupa, kalau Sagi itu aura dan karismanya selalu terpancarkan. Makanya diomongin banyak orang ✨",2026-09-15T09:52:24.000Z,,,,
https://www.threads.com/@piphi1123/post/DdUplHHk_ui,,Threads,sepdianti23,"Kak apanya yg mau di cancel, di dengar aja tidak",2026-09-15T23:01:44.000Z,,,,
https://www.threads.com/@piphi1123/post/DdUplHHk_ui,,Threads,femmyparlina345,"Udh lama cancel s gendud, tp kuat jg roh halusnya , hrs sama Allah di cancel ya.",2026-09-15T22:28:10.000Z,,,,
https://www.threads.com/@piphi1123/post/DdUplHHk_ui,,Threads,dawnworldsz,"kak, di feed ak juga semuanya isinya cancel prabowo, tiba-tiba maudy muncul, kaget ga",2026-09-15T22:25:20.000Z,,,,
https://www.threads.com/@piphi1123/post/DdUplHHk_ui,,Threads,uabdazz__,,2026-09-15T22:24:57.000Z,,,,
https://www.threads.com/@piphi1123/post/DdUplHHk_ui,,Threads,lia__somantri,Cara nya gimna cancel prabowo ? Tiap hri juga udh gue maki2,2026-09-15T21:32:43.000Z,,,,
https://www.threads.com/@piphi1123/post/DdUplHHk_ui,,Threads,piphi1123,"Kalian bisa cancel Maudy Ayunda, sekarang cancel Prabowo! Plisss",2026-09-15T21:13:16.000Z,,,,