post_url,comment_id,platform,author,comment_text,date,views,sentiment
https://x.com/insidefolkative/status/2099192318582780260,2099291353977135453,X/Twitter,snowyndutt,@insidefolkative Dia itu siapa ya?,1789345036000,17038,
https://x.com/insidefolkative/status/2099192318582780260,2099325587471130934,X/Twitter,antosinaga,"@insidefolkative Padahal Maudy ga salah juga ngambil LPDP karna ga ada syarat ga boleh untuk kel tertentu, bahkan keluarga menteri keuangan waktu itu ada juga yang ambil. Orang-orang sekarang mau kritik karna ada tendensinya, ga pake nalar logika lagi",1789353198000,4560,
https://x.com/insidefolkative/status/2099192318582780260,2099301459900932293,X/Twitter,wewegomb,"@insidefolkative CL aja eneg sama MA, udah pernah di salah satu podcast CL heran kenapa temen dia yg kaya dan anak pejabat (MA) pake LPDP, tapi jelasinnya kaya mukanya cengok dan kesel kayanya si MA rada2 NPD.",1789347445000,14230,
https://x.com/insidefolkative/status/2099192318582780260,2099270499310481750,X/Twitter,fazafazafazaaa,"@insidefolkative Apasih, intinya stop mengidolakan orang apalagi influencer yang kerjaanya nyari sebuah kubu yang dapet dijadikan jadi profit",1789340064000,24452,
https://x.com/insidefolkative/status/2099192318582780260,2099275183584649670,X/Twitter,yulyul_19,@insidefolkative gatau sih aku bukan orang yg suka ngebandingin orang lain,1789341181000,21587,
https://x.com/insidefolkative/status/2099192318582780260,2099199077464608988,X/Twitter,skipday_io,@insidefolkative bro said it well,1789323035000,26345,
https://x.com/insidefolkative/status/2099192318582780260,2099274173415845952,X/Twitter,Imade_kun,@insidefolkative Idih ngapain dengerin kata-kata G4Y?!,1789340940000,13316,
https://x.com/bincangurban/status/2099131440739004683,2099153317385658775,X/Twitter,cloudyduh,@bincangurban mama u ada2 aja dah... ikrib bgt kayanya sama maudy,1789312125000,24886,
https://x.com/bincangurban/status/2099131440739004683,2099285774441320856,X/Twitter,byt_aa,"@bincangurban sama kaya mamaku, seolah2 semua manusia di dunia ini bisa ditanya gitu aja",1789343706000,10181,
https://x.com/bincangurban/status/2099131440739004683,2099242934155768099,X/Twitter,arddhe,@bincangurban trus Maudy jawab apa pas ditanya mama?,1789333492000,20039,
https://x.com/bincangurban/status/2099131440739004683,2099304012881530990,X/Twitter,cheekybobii,"@bincangurban Saranku bawa, kak. Beli Cosmos yang 0,3 liter. Ukuran kecil cocok buat sekali masak.

Pakai microwave gak konsisten. Ricecooker merk sana pada lengket.

Sekian, dari aku penyintas sok-sokan gak bawa ricecooker di tahun pertama.",1789348054000,4382,
https://x.com/bincangurban/status/2099131440739004683,2099264221515313562,X/Twitter,valerie_xo_xx,"@bincangurban Lucu bgt wkwk. Jawaban serius: pastiiin tegangannya sama kalo emg mau bawa, bbrp negara tegangannya kecil sedangkan indo gede, jd kalo beli disini gabisa dipake kalo negara tujuan tegangannya kecil",1789338567000,9014,
https://x.com/bincangurban/status/2099131440739004683,2099311935342940531,X/Twitter,paperandpresso,"@bincangurban maudy jawabnya, “be mindful ya kak, bawa yang penting-penting aja”🙂",1789349943000,1684,
https://x.com/bincangurban/status/2099131440739004683,2099178285607662032,X/Twitter,imhappyyyyy22,@bincangurban Emang mak2 nii pola pikirnya di luar nurul kadang,1789318078000,14049,
https://x.com/bincangurban/status/2099131440739004683,2099182760971866318,X/Twitter,TriadeAmarullo2,@bincangurban Gak perlu... Ada yg jual rice cooker jg disana... Sama harganya dgn Indo...,1789319145000,8955,
https://x.com/bincangurban/status/2099131440739004683,2099317738632286265,X/Twitter,blueleaf2002,"@bincangurban beli disana aja, udah pasti tegangannya sama. yang murah juga ada kok",1789351326000,514,
https://x.com/bincangurban/status/2099131440739004683,2099297820339732641,X/Twitter,richlyfee,@bincangurban terus maudy jawab apa😭,1789346578000,2496,
https://x.com/bincangurban/status/2099131440739004683,2099183854678667293,X/Twitter,tanteimo,"@bincangurban Tapi serious adekku mau ke LN juga, apakah bole bawa rice cooker?",1789319406000,24759,
https://x.com/bincangurban/status/2099131440739004683,2099287048373096894,X/Twitter,rahmaut,@bincangurban ricecooker ada yg jual biasanya kok. Di amazon.,1789344009000,3182,
https://x.com/bincangurban/status/2099131440739004683,2099302059199889787,X/Twitter,thesearemine,@bincangurban 😂😂😂,1789347588000,536,
https://x.com/bincangurban/status/2099131440739004683,2099315625067995512,X/Twitter,mangga_mu,@bincangurban Kata mamahku g usah bawa. Beli di sana aja.,1789350823000,640,
https://x.com/bincangurban/status/2099131440739004683,2099270314173821095,X/Twitter,DreamyBcpcker,"@bincangurban Beli aja di LN, aku beli di supermarket cm 15 dolar. Kmrn kejadian di dorm, ada resident  yg pake rice cooker bukan buatan lokal trus langsung konslet. T_T.",1789340020000,3750,
https://x.com/bincangurban/status/2099131440739004683,2099262533265948746,X/Twitter,_thejanuaryrain,"@bincangurban ak bukan maudy tapi mau bantu jawab kalo ga perlu bawa rice cooker kak! masak nasi biasanya pake microwave aja, tinggal beli wadah plastik aja di sana",1789338164000,6895,
https://x.com/bincangurban/status/2099131440739004683,2099183263172759762,X/Twitter,Juarameh3,@bincangurban gua banyak lokal semua,1789319265000,4397,
https://x.com/bincangurban/status/2099131440739004683,2098776611462193431,X/Twitter,majaw3634,Kalo ampe megathrust kejadian w gk paham gimana caranya indo recovery ekonominya,1789222312000,620607,
https://x.com/atokdalangs4/status/2099145830355845623,2099264602500727191,X/Twitter,0KTAV1ANUSK0K0H,"Maudy tidak berkata “bayi mati dan siswa keracunan itu cuma gangguan mindfulness.” Itu dilebihkan. Di videonya dia bilang kita kebanjiran kabar buruk sampai lumpuh, lalu kasih tips biar tetap waras. Ada doa ke NTT dan Kalimantan juga.

Yang tetap nyangkut: framing-nya. Karhutla, MBG, hutan terbakar dia masukkan ke keranjang yang sama dengan doomscroll politik dan berita dunia. Bagi yang cuma kena di HP, itu “bad news.” Bagi yang hirup asap dan anaknya masuk IGD, itu bukan berita. Itu cuaca dan menu makan siang.

Jadi kritik yang adil bukan “final boss meremehkan mayat,” melainkan: orang berpendidikan kok solusinya diet informasi, bukan desak siapa yang membakar dan siapa yang masak sembarangan. Mindfulness menolong individu. Tidak menolong sistem yang berulang meracuni dan mengasapi warganya.

Komentar “terus harus piye kalau semua berita dimasukkan?” juga benar. Tidak ada yang wajib menelan megathrust, perang, drama seleb, dan KLB setiap jam. Batasi layar itu sehat. Yang tone-deaf adalah menyamakan “aku capek scroll” dengan “mereka capek bernapas.”

Intinya: jangan strawman Maudy sampai seolah dia menari di atas peti mati. Tapi jangan juga pura-pura tips dapur itu jawaban atas negara yang gagal jaga udara dan jaga makan anak.",1789338658000,9008,
https://x.com/atokdalangs4/status/2099145830355845623,2099313533473403361,X/Twitter,piteung27,"@atokdalangs4 njir ternyata bener, lingkungan mempengaruhi banget ya, orang cerdas ga bisa barengan sama sdm rendah karna percuma dikasi tau dia akan punya caranya sendiri untuk menjatuhkan orang. padahal bukan itu maksud yang disampaikan Maudy.",1789350324000,2875,
https://x.com/atokdalangs4/status/2099145830355845623,2099316799573733656,X/Twitter,chayoummnn,"@atokdalangs4 Gua rasa bkn begitu maksud dia, gua pun sama kayak dia bener2 depresi liat keadaan negara ini. Langkah yg bisa gua lakukan juga sementara saat itu stop bermedia sosial sambil menyusun rencana ke depannya harus seperti apa menghadapi sikon negara ini",1789351103000,3196,
https://x.com/atokdalangs4/status/2099145830355845623,2099202064731803876,X/Twitter,JYVL,"@atokdalangs4 Trus tiap hari liat berita ancaman megatrust, gunung meletus, kondisi ekonomi yang makin kacau, belum berita wowo, ditambah drama seleb, drama viral di masyarakat, belum drama irl, belum perang di dunia yang makin makin, lah terus dijejelin semua ini semuanya kudu piye?",1789323748000,4652,
https://x.com/atokdalangs4/status/2099145830355845623,2099181275995389960,X/Twitter,LiarAkal,"@atokdalangs4 Tiap hari kualitas udara menurun, tiap hari dengar sirine pemadam kebakaran 😢",1789318791000,3890,
https://x.com/atokdalangs4/status/2099145830355845623,2099278790606426182,X/Twitter,Avatar114575,@atokdalangs4 Jangan mudah ke distract. Siapa akar masalah penyebab dari masalah2 di negeri ini?,1789342041000,2145,
https://x.com/atokdalangs4/status/2099145830355845623,2099298723318919428,X/Twitter,backsobekashy,"@atokdalangs4 Aneh sih statement dia, kok begitu bgtt ya",1789346793000,2271,
https://x.com/atokdalangs4/status/2099145830355845623,2099279409442398604,X/Twitter,nararay__,@atokdalangs4 Sebenernya maksud maudy bukan begitu juga aslinya,1789342188000,3517,
https://x.com/atokdalangs4/status/2099145830355845623,2099322450261791118,X/Twitter,akgeulies,@atokdalangs4 emg harus hati2 karna dia sebagai influencer yg bisa influence banyak org dan sangat mungkin disalah artikan wlwpun niatnya baik... jujur sebagai manusia biasa yg rapuh ini ada kalanya mau rehat dari issue2 negatif karna gabaik buat ovt sendiri dan bukan berarti ga peduli,1789352450000,1074,
https://x.com/atokdalangs4/status/2099145830355845623,2099302722835227027,X/Twitter,sahrul414860452,@atokdalangs4 Dia ini mmg gini gk sih dari dulu setiap ada masalah di indo dia diem² aja gk ada bersuara,1789347746000,1585,
https://x.com/atokdalangs4/status/2099145830355845623,2099298804445184254,X/Twitter,RzR0tsch1ld,@atokdalangs4 https://t.co/yZVsPsYjzJ,1789346812000,1214,
https://x.com/atokdalangs4/status/2099145830355845623,2099309421088452677,X/Twitter,realllma,@atokdalangs4 Ini ini toh pola pikiran jebolan beasiswa LPDP,1789349343000,697,
https://x.com/atokdalangs4/status/2099145830355845623,2099244595544768911,X/Twitter,aurelia_KPop,@atokdalangs4 Knp dia jadi aneh ya kak 😭,1789333888000,5917,
https://x.com/atokdalangs4/status/2099145830355845623,2099310620403450308,X/Twitter,aw_melimel,"@atokdalangs4 Ttt taa tabtapi ada teman &amp; tetangga aku,mereka bilang ga mau nonton/baca berita terutama di sosmed,isinya berita buruk terus,ya pejabatnya,ya inilah itulah males komen jg,jd mending cut off
Apa mereka bisa dibilang antipati?",1789349629000,2606,
https://x.com/atokdalangs4/status/2099145830355845623,2099305520196964362,X/Twitter,wiewied99737898,"@atokdalangs4 punya temen yg sifatnya mirip banget sama dia, dan sebulan lalu sy cut off, krn bener2 capek nguras tenaga,",1789348413000,398,
https://x.com/atokdalangs4/status/2099145830355845623,2098910014765482053,X/Twitter,sibambaang,Putin: “Buruan gaes sebelum tukang katering itu dateng.” https://t.co/hW5os271Ol,1789254118000,593206,
https://x.com/keluhkesahkonoh/status/2099136225408098806,2099263778458407321,X/Twitter,0KTAV1ANUSK0K0H,"“Tone deaf” di video ini bukan karena Maudy masak telur sambil senyum. Itu karena dia mengemas penderitaan orang sebagai “bad news” yang bisa di-mute.

Kalimantan yang kena asap, BBM susah, harga naik, anak sesak napas—itu bukan headline yang terlalu banyak. Itu hari Selasa mereka. Nasihat “jaga kewarasan dengan kurangi baca berita buruk” hanya masuk akal bagi orang yang dampaknya berhenti di notifikasi. Begitu dijadikan konten publik, itu terdengar seperti: masalahnya bukan kabutnya, masalahnya kamu terlalu sering buka HP.

Tapi “YOU DID NOTHING” juga kebablasan. Maudy punya yayasan, pernah turun ke program pendidikan dan lingkungan, di video itu sendiri sempat kirim doa ke NTT dan Kalimantan. Diam di satu isu tidak sama dengan nol kontribusi seumur hidup. Yang sah dikritik: pilihan framing-nya, bukan tuntutan supaya setiap artis jadi posko bencana.

Pembedanya sederhana:
- Hak pribadi: batasi doomscroll. Sah.
- Nasihat publik: atasi kekacauan dengan tidak membaca kekacauan. Itu yang nyangkut.
- Kewajiban artis: tidak wajib thread setiap karhutla. Kalau sudah pilih ngomong soal cara menghadapi krisis, jangan kedengaran seperti krisisnya bisa di-unsubscribe.

Jadi bukan “terbukti jahat.” Terbukti jaraknya jauh. Privilege-nya bukan gelar Oxford. Privilege-nya bisa memperlakukan negara yang terbakar sebagai konten mindfulness.",1789338461000,2731,
https://x.com/keluhkesahkonoh/status/2099136225408098806,2099016596501201280,X/Twitter,myshawti,"Maaf ketinggalan kereta, ini permasalahannya kenapa? Ada yang bisa jelasin ngga? https://t.co/9Ku0g3F1vs",1789279529000,1082116,
https://x.com/stearxc/status/2099139782492422648,2099156344477823183,X/Twitter,PBselCQo9DWhYxv,@stearxc bnyk nih lokalan,1789312847000,3284,
https://x.com/Jackie_espsau/status/2099153398478311862,2099177565281993176,X/Twitter,ConstableM97493,@Jackie_espsau Bkp full lokal kk,1789317907000,589,
https://x.com/Jackie_espsau/status/2099153398478311862,2099329553202311374,X/Twitter,Meagan72103991,@Jackie_espsau bahan lokal bnyk sini,1789354143000,26,
https://x.com/Jackie_espsau/status/2099153398478311862,2099267937001677047,X/Twitter,SaifiKh12110942,@Jackie_espsau lokalan sini kak,1789339453000,165,
https://x.com/Jackie_espsau/status/2099153398478311862,2099181985721884902,X/Twitter,RaniaNarjait,@Jackie_espsau Asupan full percakapan nihh beb,1789318960000,594,
https://x.com/Jackie_espsau/status/2099153398478311862,2099202131442200677,X/Twitter,Icrapa8q2,@Jackie_espsau Sini banyak lokalan,1789323764000,476,
https://x.com/Jackie_espsau/status/2099153398478311862,2099215903716221311,X/Twitter,shastajordan112,@Jackie_espsau full asupan lokal,1789327047000,337,
https://x.com/Jackie_espsau/status/2099153398478311862,2099205564706500754,X/Twitter,loyaliptas,@Jackie_espsau Nihh bkp lokal mntp,1789324582000,364,
https://x.com/Jackie_espsau/status/2099153398478311862,2099177587763515450,X/Twitter,0gtk5j321,@Jackie_espsau Asupan full percakapan nihh beb,1789317912000,494,
https://x.com/Jackie_espsau/status/2099153398478311862,2099181389405098174,X/Twitter,dewiyix,"@Jackie_espsau Mampir nih, full asupan lokal",1789318818000,504,
https://x.com/Jackie_espsau/status/2099153398478311862,2099177606600179975,X/Twitter,gsp201052,@Jackie_espsau Asupan full lokal kk,1789317916000,450,
https://x.com/Jackie_espsau/status/2099153398478311862,2099192705373155791,X/Twitter,avriliasf,@Jackie_espsau Gw ada vid viral,1789321516000,437,
https://x.com/Jackie_espsau/status/2099153398478311862,2099193913286267380,X/Twitter,S2_DiZ24,@Jackie_espsau SPECTACULAR,1789321804000,366,
https://x.com/Jackie_espsau/status/2099153128398717230,2099184710996152819,X/Twitter,IsabelleRNP31J,@Jackie_espsau Bahan lokal disini ya.,1789319610000,562,
https://x.com/Jackie_espsau/status/2099153128398717230,2099169590110728247,X/Twitter,treenaperry1471,@Jackie_espsau Nihh bkp lokal bubb,1789316005000,684,
https://x.com/Jackie_espsau/status/2099153128398717230,2099183322564043196,X/Twitter,avriliasf,@Jackie_espsau Gw ada vid viral,1789319279000,158,
https://x.com/Jackie_espsau/status/2099153128398717230,2099183085288112609,X/Twitter,crlaxv,@Jackie_espsau Mampir kawan banyak asupan,1789319223000,190,
https://x.com/Jackie_espsau/status/2099153128398717230,2099175108711784879,X/Twitter,nayadiyan,@Jackie_espsau Sini banyak lokal,1789317321000,229,
https://x.com/Jackie_espsau/status/2099153128398717230,2099188298103300395,X/Twitter,vvipxlocal,@Jackie_espsau gua punya nih asupan viral terbaru,1789320465000,196,
https://x.com/Jackie_espsau/status/2099153128398717230,2099198271780782538,X/Twitter,Wanderman241,@Jackie_espsau asupan lokal nih,1789322843000,260,
https://x.com/Jackie_espsau/status/2099153128398717230,2099180721135075602,X/Twitter,Ellahyfqzrhe,@Jackie_espsau sini banyak asupan nih,1789318659000,174,
https://x.com/Jackie_espsau/status/2099153128398717230,2099191859914670520,X/Twitter,vvipxviralll,@Jackie_espsau aku punya asupan lokal terbaru nih,1789321315000,194,
https://x.com/Jackie_espsau/status/2099153128398717230,2099181658557874185,X/Twitter,bojonenusiny4r,@Jackie_espsau asupan lokal nih,1789318882000,176,
https://x.com/Jackie_espsau/status/2099153128398717230,2099184871084335275,X/Twitter,Icrapa8q2,@Jackie_espsau Sini banyak lokalan,1789319648000,196,
https://x.com/Jackie_espsau/status/2099153128398717230,2099207872781664281,X/Twitter,discwt,@Jackie_espsau Kunjungi profile king,1789325132000,228,
https://x.com/Jackie_espsau/status/2099153128398717230,2099157950908789218,X/Twitter,MnLr5ZiEol50bSP,@Jackie_espsau free sini banyak lokalan,1789313230000,297,
https://x.com/Jackie_espsau/status/2099153128398717230,2099208663680659717,X/Twitter,begrtanya,@Jackie_espsau Buruan mampir sini,1789325321000,236,
https://x.com/Jackie_espsau/status/2099153128398717230,2099183711430533427,X/Twitter,GiannaBrURJ88I,@Jackie_espsau Cek profil ku yuk,1789319372000,217,
https://x.com/Jackie_espsau/status/2099153128398717230,2099172648408543418,X/Twitter,JawaViralivnhd,@Jackie_espsau Geser sini awas becek,1789316734000,240,
https://x.com/Jackie_espsau/status/2099153128398717230,2099206131868737569,X/Twitter,cdbins,@Jackie_espsau Coba kesini sebentar,1789324717000,178,
https://x.com/Jackie_espsau/status/2099153128398717230,2099175209257652719,X/Twitter,dewiyix,"@Jackie_espsau Mampir nih, full asupan lokal",1789317345000,201,
https://x.com/Jackie_espsau/status/2099153128398717230,2099168596190802244,X/Twitter,BethJamesYWK16K,@Jackie_espsau Disini ad lokalan,1789315768000,222,
https://x.com/Jackie_espsau/status/2099153128398717230,2099192986869395965,X/Twitter,S2_DiZ24,@Jackie_espsau GREAT,1789321583000,142,
https://x.com/Jackie_espsau/status/2099153128398717230,2099207405943005328,X/Twitter,sbebejenej98,@Jackie_espsau Cek sini bos,1789325021000,257,
https://x.com/Jackie_espsau/status/2099153128398717230,2099186113223250284,X/Twitter,aldyperfectto,@Jackie_espsau bahan lokal percakapan sini,1789319945000,221,
https://x.com/Jackie_espsau/status/2099153128398717230,2099180222973464816,X/Twitter,hekhbc,@Jackie_espsau ada lokal disini,1789318540000,180,
https://x.com/Jackie_espsau/status/2099153128398717230,2099227535045460152,X/Twitter,windaluu,@Jackie_espsau asupan lokal sini,1789329820000,142,
https://x.com/Jackie_espsau/status/2099153128398717230,2099307588676723009,X/Twitter,BahadurKismat,@Jackie_espsau mau dong bobo an,1789348907000,60,
https://x.com/Jackie_espsau/status/2099153128398717230,2099219463417864551,X/Twitter,itsviolaa9uw9,@Jackie_espsau Mampir ful lokalan viral,1789327896000,174,
https://x.com/Jackie_espsau/status/2099153128398717230,2099191037063524433,X/Twitter,RaniaNarjait,@Jackie_espsau Asupan full percakapan nihh beb,1789321118000,303,
https://x.com/adaaterus/status/2099169024047477075,2099184608701198610,X/Twitter,adaaterus,"terus tadi liat ada yang bahas kalau salah satu bahan skincarenya ada yang kandungannya berasal dari tanaman khas kalimantan :(

dan bener aja abis cek tokonya dia tuh kebanyakan key ingredientsnya dari tanaman kalimantan &amp; papua 👇🏻👇🏻
https://t.co/ESbgAYwYaW",1789319586000,448,
https://x.com/Jackie_espsau/status/2099154483070808125,2099193150988570840,X/Twitter,Wanderman241,@Jackie_espsau asupan lokal nih,1789321622000,2757,
https://x.com/Jackie_espsau/status/2099154483070808125,2099169027537174612,X/Twitter,BethJamesYWK16K,@Jackie_espsau Mumpung masih panas nih,1789315871000,3396,
https://x.com/Jackie_espsau/status/2099154483070808125,2099232687546618083,X/Twitter,windaluu,@Jackie_espsau asupan lokal sini,1789331049000,216,
https://x.com/Jackie_espsau/status/2099154483070808125,2099250265933144126,X/Twitter,bsisju05,@Jackie_espsau Bkp full lokal ni beb,1789335240000,335,
https://x.com/Jackie_espsau/status/2099154483070808125,2099174941593931970,X/Twitter,nayadiyan,@Jackie_espsau Sini banyak lokal,1789317281000,692,
https://x.com/Jackie_espsau/status/2099154483070808125,2099183490596241439,X/Twitter,shastajordan112,@Jackie_espsau full asupan lokal,1789319319000,759,
https://x.com/Jackie_espsau/status/2099154483070808125,2099290933326221446,X/Twitter,kpwlljgy_,@Jackie_espsau Cek postingan ulang aku ya,1789344936000,209,
https://x.com/Jackie_espsau/status/2099154483070808125,2099170197567599095,X/Twitter,treenaperry1471,@Jackie_espsau Nihh bkp lokal bubb,1789316150000,942,
https://x.com/Jackie_espsau/status/2099154483070808125,2099157279883084005,X/Twitter,XblD4kQGEeBZbyX,@Jackie_espsau lokalan sini free,1789313070000,719,
https://x.com/Jackie_espsau/status/2099154483070808125,2099219632909697169,X/Twitter,srptiau,@Jackie_espsau Lokal percakapan nih,1789327936000,301,
https://x.com/Jackie_espsau/status/2099154483070808125,2098792948305629187,X/Twitter,Jackie_espsau,"Adik Kaka ini kah yang kalian cari 
https://t.co/BjbeiJFwEQ

https://t.co/AWkniR981r

https://t.co/g2S0m19M6O

https://t.co/Rvvmb35bux

Malming Sulawesi Malam Minggu Tolak Angin https://t.co/RHOOmlE1uF",1789226207000,24190,
https://x.com/Jackie_espsau/status/2099154011924603123,2099307096034726279,X/Twitter,BahadurKismat,@Jackie_espsau mau dong di kobok,1789348789000,465,
https://x.com/Jackie_espsau/status/2099154011924603123,2099175047663697984,X/Twitter,nayadiyan,@Jackie_espsau Sini banyak lokal,1789317306000,651,
https://x.com/Jackie_espsau/status/2099154011924603123,2099168405333156045,X/Twitter,BethJamesYWK16K,@Jackie_espsau Full durasi panjang sini,1789315723000,687,
https://x.com/Jackie_espsau/status/2099154011924603123,2099193857841996069,X/Twitter,vvipxviralll,@Jackie_espsau aku punya asupan lokal terbaru nih,1789321791000,741,
https://x.com/Jackie_espsau/status/2099154011924603123,2099184895402909989,X/Twitter,IsabelleRNP31J,@Jackie_espsau sini full durasi tanpa link,1789319654000,460,
https://x.com/Jackie_espsau/status/2099154011924603123,2099290818880401497,X/Twitter,kpwlljgy_,@Jackie_espsau Cek postingan ulang aku ya,1789344908000,381,
https://x.com/Jackie_espsau/status/2099154011924603123,2099309511853125768,X/Twitter,shinddyy1,@Jackie_espsau Cek profil banyak yang lokal,1789349365000,398,
https://x.com/Jackie_espsau/status/2099154011924603123,2099158116571259340,X/Twitter,TalitaMarquesA2,@Jackie_espsau bnyk nih lokalan free,1789313270000,813,
https://x.com/Jackie_espsau/status/2099154011924603123,2099195170000638146,X/Twitter,dewiyix,"@Jackie_espsau Mampir nih, full asupan lokal",1789322104000,544,
https://x.com/Jackie_espsau/status/2099154011924603123,2099188550227120425,X/Twitter,Icrapa8q2,@Jackie_espsau Sini banyak lokalan,1789320526000,739,
https://x.com/Jackie_espsau/status/2099154011924603123,2099212102993137985,X/Twitter,cacablnde,@Jackie_espsau Bahan bkp lokal sini,1789326141000,584,
https://x.com/Jackie_espsau/status/2099154011924603123,2098792948305629187,X/Twitter,Jackie_espsau,"Adik Kaka ini kah yang kalian cari 
https://t.co/BjbeiJFwEQ

https://t.co/AWkniR981r

https://t.co/g2S0m19M6O

https://t.co/Rvvmb35bux

Malming Sulawesi Malam Minggu Tolak Angin https://t.co/RHOOmlE1uF",1789226207000,24190,
https://x.com/nwuez/status/2099166702504419517,2099313957010030962,X/Twitter,GagsPrince,@nwuez mau dong di gesek,1789350425000,66,
https://x.com/nwuez/status/2099166702504419517,2099314217178587371,X/Twitter,tariXbc,@nwuez Haha,1789350487000,60,
https://x.com/nwuez/status/2099166702504419517,2099205451263115477,X/Twitter,shastajordan112,@nwuez full asupan lokal,1789324555000,320,
https://x.com/nwuez/status/2099166702504419517,2099192351587709116,X/Twitter,vvipxviralll,@nwuez aku punya asupan lokal terbaru nih,1789321432000,374,
https://x.com/nwuez/status/2099166702504419517,2099187742991380960,X/Twitter,vvipxlocal,@nwuez gua punya nih asupan viral terbaru,1789320333000,383,
https://x.com/nwuez/status/2099166702504419517,2099206884221944001,X/Twitter,Wanderman241,@nwuez asupan lokal nih,1789324897000,529,
https://x.com/nwuez/status/2099166702504419517,2099206021713670473,X/Twitter,VIPAREAdt,@nwuez Full asupan lokal nih,1789324691000,293,
https://x.com/nwuez/status/2099166702504419517,2099185454730105233,X/Twitter,IsabelleRNP31J,@nwuez gw mah ada yg koleksi terbarunya,1789319788000,402,
https://x.com/nwuez/status/2099166702504419517,2099203021842600341,X/Twitter,AKSESPRIVAT,@nwuez asupan lokalan nih,1789323976000,365,
https://x.com/nwuez/status/2099166702504419517,2099204931484049505,X/Twitter,GOLDAREApp,@nwuez Banyak lokalan sini,1789324431000,278,
https://x.com/nwuez/status/2099166702504419517,2099203930681180479,X/Twitter,RUANGTENANss,@nwuez full lokalan nih,1789324193000,238,
https://x.com/nwuez/status/2099166390263685337,2099290876572995849,X/Twitter,kpwlljgy_,@nwuez Cek postingan ulang aku ya,1789344922000,77,
https://x.com/nwuez/status/2099166390263685337,2099190583822778603,X/Twitter,vvipxviralll,@nwuez aku punya asupan lokal terbaru nih,1789321010000,295,
https://x.com/nwuez/status/2099166390263685337,2099189847537918410,X/Twitter,vvipxlocal,@nwuez gua punya nih asupan viral terbaru,1789320835000,382,
https://x.com/nwuez/status/2099166390263685337,2099187973892022582,X/Twitter,HopeGreenGGS28T,@nwuez Gua ada nih yang terbaru,1789320388000,309,
https://x.com/nwuez/status/2099166390263685337,2099195250032144494,X/Twitter,shastajordan112,@nwuez full asupan lokal,1789322123000,296,
https://x.com/nwuez/status/2099166390263685337,2099185109211693243,X/Twitter,IsabelleRNP31J,@nwuez Mumpung masih panas nih,1789319705000,343,
https://x.com/nwuez/status/2099166390263685337,2099166702504419517,X/Twitter,nwuez,"Cuman di gesek doang kok 

https://t.co/5WPTXapFUi

https://t.co/p9mwmSBvvm

https://t.co/GwcKVDCDnu

https://t.co/PwpzZX9sid

https://t.co/casiOt8mcH

Minggu Yuki LPDP Laut Jawa Senin Sulawesi Mandalika Yuji Maudy Ayunda https://t.co/lPIdPNIkj3",1789315317000,13279,
https://x.com/joen_samart/status/2099211049203585410,2099211220515467274,X/Twitter,grok,"@joen_samart @marissaputri @tepukberwudhu Suami Maudy Ayunda Jesse Choi adalah Co-Founder &amp; Co-CEO startup kripto Reku. Investor Series A-nya dipimpin AC Ventures, dengan partisipasi Coinbase Ventures dan Skystar Capital.",1789325931000,7003,
https://x.com/insidefolkative/status/2099130218002678119,2099266677200613645,X/Twitter,0KTAV1ANUSK0K0H,"Klarifikasi ini isinya sudah lebih tepat daripada videonya. Kalimat kuncinya satu: bisa menjauh dari berita itu privilege. Itu yang dari awal hilang, dan baru muncul setelah kolom komentar penuh.

Yang perlu dibedakan biar tidak nyampur.

Satu, dia tidak menyangkal. Dia akui refleksinya kurang. Itu lebih bagus daripada banyak artis yang bilang “dipelintir.”

Dua, ini tetap komentar di video lama, bukan video baru. Jangkauan permintaan maaf selalu lebih kecil daripada jangkauan konten awal. Orang yang cuma lihat judul “mindfulness in the age of bad news” tidak otomatis baca paragraph di reply.

Tiga, menyebut karhutla, gempa, dan kebijakan nyasar di teks klarifikasi tidak sama dengan sudah “speak up.” Visibility korban tetap pekerjaan terpisah. Kalau habis ini balik ke resep dan brand tanpa satu langkah konkret, maafnya jadi penutup episode, bukan koreksi arah.

Empat, mindfulness memang bisa jadi alat biar orang tidak lumpuh. Syaratnya: tidak dijadikan pengganti peduli. Di video, kesannya diet berita. Di klarifikasi, kesannya tetap hadir. Publik wajar menagih mana yang berlaku ke depan.

Tidak perlu dihukum seumur hidup karena satu video dapur. Tidak perlu juga dipuji seolah sudah selesai hanya karena nulis “I’m listening and learning.” Terima koreksinya. Lihat pekan depannya.",1789339152000,258,
https://x.com/insidefolkative/status/2099130218002678119,2099255838070526042,X/Twitter,kautulistawa,@insidefolkative Lebih percaya maudy koesnaedy daripada maudy ayunda🙈,1789336568000,242,
https://x.com/insidefolkative/status/2099130218002678119,2099073311829540968,X/Twitter,antariksakita,"GILA GILA GILA

Apakah ini waktunya BB bangkit???? https://t.co/i8lpaK1Cck",1789293051000,2367212,
https://x.com/nwuez/status/2099165892638855415,2099166702504419517,X/Twitter,nwuez,"Cuman di gesek doang kok 

https://t.co/5WPTXapFUi

https://t.co/p9mwmSBvvm

https://t.co/GwcKVDCDnu

https://t.co/PwpzZX9sid

https://t.co/casiOt8mcH

Minggu Yuki LPDP Laut Jawa Senin Sulawesi Mandalika Yuji Maudy Ayunda https://t.co/lPIdPNIkj3",1789315317000,13279,
https://x.com/nwuez/status/2099166193223696807,2099166702504419517,X/Twitter,nwuez,"Cuman di gesek doang kok 

https://t.co/5WPTXapFUi

https://t.co/p9mwmSBvvm

https://t.co/GwcKVDCDnu

https://t.co/PwpzZX9sid

https://t.co/casiOt8mcH

Minggu Yuki LPDP Laut Jawa Senin Sulawesi Mandalika Yuji Maudy Ayunda https://t.co/lPIdPNIkj3",1789315317000,13288,
https://x.com/fbdurgutluoglu/status/2099133040689897887,2099291101358399548,X/Twitter,kpwlljgy_,@fbdurgutluoglu Cek postingan ulang aku ya,1789344976000,104,
https://x.com/queentearof/status/2099147968070955218,2099108789555470842,X/Twitter,queentearof,"Kafe Hill Side Bromo, pengunjung panik kabur. Api merambat, pemandangan yang biasanya indah sekarang penuh asap. Tempat wisata berubah jadi evakuasi dadakan.#Bromo #Karhutla #PenghuniRumahWarisan
.
MORA HAPPY EVER AFTER Info Sekitar Musabaqoh Laut Jawa https://t.co/sWH4IYuiWf",1789301509000,1917,
https://x.com/komisarisnetzen/status/2099267713185304773,2099276651230343278,X/Twitter,aurelia_KPop,@komisarisnetzen ga ekspek knp ayunda jadi aneh,1789341530000,200,
https://x.com/fbdurgutluoglu/status/2099132269558702251,2099134614036251113,X/Twitter,aahchriiss45108,@fbdurgutluoglu Open vcs &amp; konten pribadi 💕,1789307666000,61,
https://x.com/miiikuumi/status/2099288062748721625,2099293277271027967,X/Twitter,aesrosey,@miiikuumi eh kenapa nih? ketinggalan,1789345494000,179,
https://x.com/miiikuumi/status/2099288062748721625,2099295839609118721,X/Twitter,mawhidupaja,@miiikuumi dulu juga pernah kena gara2 tonedeaf tapi ini puncaknya kayaknya wkwk,1789346105000,158,
https://x.com/Willemijn_Fans/status/2099134796924686790,2099135858163192126,X/Twitter,Willemijn_Fans,"Main di rumah pas lagi sepi 
https://t.co/1vNKk3LxHp

https://t.co/YQLcjvuBff

https://t.co/H3dhjPolpC

https://t.co/XJSKEDE7U9

Minggu Yuki LPDP Laut Jawa Senin Sulawesi Mandalika Yuji Maudy Ayunda https://t.co/nSyrUYJD0C",1789307963000,529,
https://x.com/Sipitungscbd/status/2099139126331380002,2099265651470913642,X/Twitter,0KTAV1ANUSK0K0H,"Bukan video baru. Itu komentar di video lama yang sudah dihujat. Bedanya penting: dia tidak tiba-tiba jadi reporter karhutla. Dia mengaku satu hal yang dari awal jadi soal: “bisa menjauh dari berita itu privilege,” lalu minta maaf karena bagian itu kurang direfleksikan.

Isi klarifikasinya secara teks sudah lebih waras daripada videonya. Mindfulness jangan jadi alasan acuh. Karhutla, gempa, kebijakan yang nyasar, komunitas terdampak butuh dukungan dan visibilitas. Itu kalimat yang seharusnya ada di menit pertama, bukan di kolom komentar setelah 3 minggu dan setelah “tone deaf” jadi tren.

Jadi penilaiannya jangan hitam-putih.

Yang bagus: dia tidak ngotot “kalian salah paham.” Dia akui jarak. Itu lebih dewasa daripada banyak publik figur yang balik menyerang netizen.

Yang kurang: klarifikasi di reply YouTube jangkauannya jauh di bawah video masak telur. Orang yang cuma nonton thumbnail tetap bawa pulang pesan lama. Kalau serius, naiknya ke deskripsi, community post, atau video singkat—bukan cuma edit komentar.

Yang spekulatif: “langsung speak up karena kena kritik.” Ya, urutannya memang begitu. Tidak otomatis palsu. Banyak orang baru paham setelah ditabrak. Yang diukur bukan timing-nya semata, melainkan apakah setelah ini ada aksi: donasi, visibilitas korban, atau kembali ke konten dapur seolah selesai.

Kesimpulan pendek: klarifikasi itu perlu dan isinya benar. Tidak menghapus video awal yang tone-deaf. Juga tidak wajib diolok sebagai sandiwara hanya karena datang belakangan. Terima koreksinya, tetap tagih konsistensinya.",1789338908000,37,
https://x.com/Sipitungscbd/status/2099139126331380002,2099136588861362321,X/Twitter,Sipitungscbd,Emang anak-anak zaman sekarang separah itu? 😭 https://t.co/nPcXGjVwmK,1789308137000,6712,
https://x.com/fbdurgutluoglu/status/2099132790998470774,2099133040689897887,X/Twitter,fbdurgutluoglu,"Katanya cuma di gesek tapi malah dimasukin 
https://t.co/xUMknRWWxo

https://t.co/cnx9gNgrd2

https://t.co/NX9UwHoQMJ

https://t.co/hUddeOLcSW

Minggu Yuki LPDP Laut Jawa Senin Sulawesi Mandalika Yuji Maudy Ayunda https://t.co/uIscPTqcH9",1789307291000,3529,
https://x.com/bukanDWP/status/2099167187873460480,2099168863007248429,X/Twitter,bukanDWP,"It’s hurting = karena selama ini dia sbnrnya “terbranding” representatif anak2 indo yg stand out, ambisius belajar, pake beasiswa negara…

Tapi sangat2 ga napak tanah…

Pokoknya aku bisa paham kenapa orang2 kesel dan akupun kesel",1789315832000,224,
https://x.com/thruvsh/status/2099308544957059287,2099310192601235951,X/Twitter,PramestiHilya,@thruvsh Harus di cancel semua artis2 tone deaf,1789349527000,96,
https://x.com/thruvsh/status/2099308544957059287,2099317265271554431,X/Twitter,ayuchoi,"@thruvsh Sebenarnya kalo diperhatikan, beliau ini ramai dibahas waktu bingung pilih Stanford/Harvard, video ribut sama pacarnya bocor, menikah dgn Jesse, main film Para Perasuk. Selebihnya ga ada. Better ikutin Jerome Polin kalo mau tau perspektif orang pinter berprivilege",1789351214000,72,
https://x.com/thruvsh/status/2099308544957059287,2099331169833857149,X/Twitter,mmatxcha,@thruvsh Videonya masih ada ga si kak? aku blm sempat nonton dan bacain komennya😭,1789354529000,13,
https://x.com/thruvsh/status/2099308544957059287,2099330099606958586,X/Twitter,thruvsh,demam + masuk angin 🥲 dikerok merah bgt https://t.co/jtTcdpVnWZ,1789354274000,175,
https://x.com/cutiecika/status/2099171823397359969,2099172236154609696,X/Twitter,Mrprincesanjie,"@cutiecika Maudy ayunda buat kontennya dimana kalau boleh tahu, pengen liat. IG ya?",1789316636000,57,
https://x.com/cutiecika/status/2099171823397359969,2099190822659047917,X/Twitter,noboru42256,"@cutiecika Ada link nya?  

Ketinggalan info aku nih",1789321067000,24,
https://x.com/cutiecika/status/2099171823397359969,2099197546782663166,X/Twitter,kynkiwinky,"@cutiecika setuju, ka. kita gak boleh trlu bodo amat sampe gamau tau, tapi kita jg harus milah2 mencerna berita masalahnya ga semua orang punya kapasitas dn kekuatan mental buat ngedepin setiap berita buruk.",1789322671000,17,
https://x.com/cutiecika/status/2099171823397359969,2099336490677657675,X/Twitter,thisisnotboutu,"@cutiecika mjb, i agree sih...",1789355797000,2,
https://x.com/cutiecika/status/2099171823397359969,2099329902529192002,X/Twitter,cowosukamatcha,@cutiecika aku ga ngikutin bgt,1789354227000,4,
https://x.com/3101text/status/2099153286465200154,2099153779878998412,X/Twitter,3101text,"@guinguinzly yg publikasi konten itu sebagai konsumsi publik. Respon masyarakat yg marah ya wajar dan valid aja karena mereka lagi suffering. Meanwhile maudy ayunda di dalem kontennya, makan makanan enak, duduk di dapur mewah, dan coba buat kasih tau ke mereka yg lagi susah buat mindfulness.",1789312236000,160,
https://x.com/eccaxn/status/2099316039897211188,2099316209380712475,X/Twitter,eccaxn,"prank ojol maxime
https://t.co/uJqshdCcx7

 https://t.co/WC3jJEuYZp

 https://t.co/k8blYRPVwz 

https://t.co/xoB2Ko2c13
Laut Jawa Maudy Ayunda Pagiii Senin perthsanta at mchoice Sarapan https://t.co/KlTGvZ4dX3",1789350962000,957,
https://x.com/fbdurgutluoglu/status/2099131748483576100,2099133040689897887,X/Twitter,fbdurgutluoglu,"Katanya cuma di gesek tapi malah dimasukin 
https://t.co/xUMknRWWxo

https://t.co/cnx9gNgrd2

https://t.co/NX9UwHoQMJ

https://t.co/hUddeOLcSW

Minggu Yuki LPDP Laut Jawa Senin Sulawesi Mandalika Yuji Maudy Ayunda https://t.co/uIscPTqcH9",1789307291000,3529,
https://x.com/hafizh97/status/2099310905150541916,2099325076458099082,X/Twitter,aesrosey,@hafizh97 ternyata dia bisa blunder juga ya,1789353076000,35,
https://x.com/hafizh97/status/2099310905150541916,2099334514036383802,X/Twitter,mhdlma,"@hafizh97 Nanti ngeluh lagi kak di desa ora srawung dirasani tonggo, 
di desa ORA melu tahlilan dirasani tonggo, 
di desa tiap sore cium asap bakaran sampah tetangga komplain lagi dia 😂",1789355326000,17,
https://x.com/hafizh97/status/2099310905150541916,2099314114606837971,X/Twitter,Rantoprstyo,@hafizh97 dia kenapa sih ka??,1789350462000,108,
https://x.com/hafizh97/status/2099310905150541916,2099311923481448540,X/Twitter,skenasapi,@hafizh97 kenapa dia,1789349940000,98,
https://x.com/hafizh97/status/2099310905150541916,2099312954005180814,X/Twitter,bulan_mawar,@hafizh97 Walah ada apa kak sm dia?,1789350186000,112,
https://x.com/hafizh97/status/2099310905150541916,2099317805825069445,X/Twitter,Menk______,"@hafizh97 Aku kudet nih, kenapa dia?",1789351343000,72,
https://x.com/hafizh97/status/2099310905150541916,2099337143261049057,X/Twitter,amriashab,"@hafizh97 tone deaf final dia, notice sejak genocide palestine",1789355953000,5,
https://x.com/hafizh97/status/2099310905150541916,2099336066855743550,X/Twitter,lalyylulelo,@hafizh97 ada apa lagii nih kak bisikin dong,1789355696000,5,
https://x.com/zen4ou/status/2099313998365929635,2099312478228472183,X/Twitter,zen4ou,"malah di trisome pacar teman
https://t.co/dLdRI1XXYs 

https://t.co/d5PdPVtZ2b

 https://t.co/o5zLvyra4V 

https://t.co/2wxmqQfdvY
Janggal Maudy Ayunda Pagiii Laut Jawa Senin KimSoHyun Fattah Suki Lawan 10 Kanada Minggu Guru https://t.co/sEsZn7TKHG",1789350072000,2187,
https://x.com/__eastblue/status/2099204941109977474,2099214823112556873,X/Twitter,mingyubgcy,@__eastblue Diera ga sih gw lupa.. gw block malah tuh semua akunnya saking kesel wkwk,1789326790000,123,
https://x.com/__eastblue/status/2099204941109977474,2099317471945847272,X/Twitter,tosaturnus,@__eastblue yang manggil suaminya padok itu bukann,1789351263000,48,
https://x.com/Vivhins/status/2099204869206986995,2099205904579395602,X/Twitter,tempedotc0,@Vivhins terhujad kenapa tu bang,1789324663000,8,
https://x.com/Vivhins/status/2099204869206986995,2099327043481837969,X/Twitter,Vivhins,"Being able to benefit other even while working behind the scenesis, to me, something priceless and an extraordinary opportunity, tidak semua orang bisa.
Alhamdulillah untuk berkah-mu Ya Allah.",1789353545000,4709,
https://x.com/listyantidewi/status/2099305513150546121,2099314794864210228,X/Twitter,icukprayogi,"@listyantidewi nah itu dia salah satu penghambat, daripada honorer, alangkah baiknya free trial 😁",1789350625000,164,
https://x.com/listyantidewi/status/2099305513150546121,2099332296520442045,X/Twitter,jvncs_,"@listyantidewi Bu Maudy suruh ngajar di kelas isinya 40 siswa, belum seminggu juga udah resign",1789354797000,45,
https://x.com/listyantidewi/status/2099305513150546121,2099330149510680688,X/Twitter,badanekspor,@listyantidewi Cita citanya ingin terdaftar di dapodik. Tapi nunggu 2 tahun dulu ya Mba Maudy,1789354285000,54,
https://x.com/listyantidewi/status/2099305513150546121,2099329046425534809,X/Twitter,aera_ry,@listyantidewi mana level dia jadi guru kak 🤣,1789354022000,77,
https://x.com/listyantidewi/status/2099305513150546121,2099338342068564210,X/Twitter,OniSuryaman,"@listyantidewi Nah, boleh tuh",1789356239000,7,
https://x.com/listyantidewi/status/2099305513150546121,2099331436100874446,X/Twitter,aistheah,@listyantidewi ya maunya jdi guru di sekolah elit dong. biar tetep estetik buat vlog,1789354592000,49,
https://x.com/listyantidewi/status/2099305513150546121,2099322164935881011,X/Twitter,daffodil2727,@listyantidewi Ikut ppg prajab dulu,1789352382000,109,
https://x.com/listyantidewi/status/2099305513150546121,2099339446617506002,X/Twitter,ArisPriyono_SPd,"@listyantidewi Saya butuh guru bahasa Inggris dan guru PJOK. 
Kami siap memintakan bantuan honor ke walimurid sebesar 500rb/bln.
Boleh lah DM mba Maudy",1789356502000,5,
https://x.com/listyantidewi/status/2099305513150546121,2099331063000780888,X/Twitter,kanterattack,@listyantidewi Tester mbg dulu,1789354503000,35,
https://x.com/listyantidewi/status/2099305513150546121,2099012999398953369,X/Twitter,PNS_Ababil,"Contoh tuh maka*sar padahal lagi ga kebagian BBM. Apakah mereka protes ke pusat? Engga. Mereka WFH dan memilih pembelajaran jarak jauh. Mereka memilih adaptasi, bukan protes. Be like Makas*ar. Pempus suka.",1789278671000,317366,
https://x.com/fbdurgutluoglu/status/2099132479542292513,2099133040689897887,X/Twitter,fbdurgutluoglu,"Katanya cuma di gesek tapi malah dimasukin 
https://t.co/xUMknRWWxo

https://t.co/cnx9gNgrd2

https://t.co/NX9UwHoQMJ

https://t.co/hUddeOLcSW

Minggu Yuki LPDP Laut Jawa Senin Sulawesi Mandalika Yuji Maudy Ayunda https://t.co/uIscPTqcH9",1789307291000,3531,
https://x.com/Salsaadaapanya/status/2099289841666322667,2099155402214785227,X/Twitter,Salsaadaapanya,"JUJUR JANGGAL SIH!

Semalam kan kakaknya Onyo udah sempat speak up, tapi yang bikin gue heran, kenapa pagi ini utasnya malah dihapus ya?

Daripada makin banyak asumsi dan salah tangkap, kayaknya paling aman memang tunggu update resmi dari Polda. Nanti juga bakal kelihatan jelas siapa yang ditetapkan sebagai tersangka dan bagaimana sebenarnya kronologinya.

Untuk sekarang, jangan sampai kita ikut ngegas berdasarkan informasi yang belum tentu lengkap.",1789312622000,14175,
https://x.com/TriAndry/status/2099312870463045670,2099313643146076165,X/Twitter,NarasiVisual,"Iya memang menurutku audiens YouTube dia pun awalnya orang-orang yang tidak terdampak langsung bad reality.

Tapi fakta bahwa mulai ada beberapa subscriber yang terganggu dengan penyampaiannya menunjukkan bahwa realita buruk itu perlahan merangkak ke atas.

Orang-orang yang awalnya masih merasa hidupnya baik dan bisa mikirin soal mindfulness sambil nonton video Maudy pun mulai merasakan bad News secara langsung. 

Akhirnya ya disconnect antar si pembawa pesan dengan yang menerima.",1789350350000,950,
https://x.com/Salsaadaapanya/status/2099289279541415961,2099155402214785227,X/Twitter,Salsaadaapanya,"JUJUR JANGGAL SIH!

Semalam kan kakaknya Onyo udah sempat speak up, tapi yang bikin gue heran, kenapa pagi ini utasnya malah dihapus ya?

Daripada makin banyak asumsi dan salah tangkap, kayaknya paling aman memang tunggu update resmi dari Polda. Nanti juga bakal kelihatan jelas siapa yang ditetapkan sebagai tersangka dan bagaimana sebenarnya kronologinya.

Untuk sekarang, jangan sampai kita ikut ngegas berdasarkan informasi yang belum tentu lengkap.",1789312622000,14175,
https://x.com/kucinghilang_/status/2099234164675596423,2099238333222404599,X/Twitter,rantauanjauh,"bener kak, aku udah gak suka sama dia dari sejak I found out dia pake lpdp.
ditambah lagi privilege dia juga banyak, makanya aku gak terlalu gimana sama dia, melihat masyarakat akhirnya angkat bicara tentang dia pun, aku yang kaya akhirnya masyarakat bisa melihat sosok maudy dari kacamata aku, soalnya dia selama ini imagenya terlalu disempurnakan oleh banyak orang.

I mean I know she is prettt and smart that’s fact, but also dia gak harus bersaing sama jutaan ribu orang karena support dia sebanyak itu. 
dan aku paham juga itu bukan salah dia, itu memang takdir dia terlahir dari keluarga mampu, tapi dia punya pilihan untuk tidak daftar lpdp dan membiarkan orang yg lebih membutuhkan mendapatkan haknya, but she didn’t think that way, so yeah she deserve what she got today.
finally, masyarakat melihat sisi gelap itu.",1789332395000,89,
https://x.com/kucinghilang_/status/2099234164675596423,2099328331229626818,X/Twitter,AaronYodo,"@kucinghilang_ @rantauanjauh Plus pakai uang pajak rakyat, jurusan yang diambil juga memunculkan ekspektasi, ternyata balik lagi ke brandingan princess jaim",1789353852000,4,
https://x.com/eccaxn/status/2099315858732732636,2099316039897211188,X/Twitter,eccaxn,"pns ini yang rame
https://t.co/uJqshdCcx7 

https://t.co/WC3jJEuYZp 

https://t.co/k8blYRPVwz 

https://t.co/xoB2Ko2c13
Laut Jawa Maudy Ayunda Pagiii Senin perthsanta at mchoice Sarapan https://t.co/JmB8OVmmkQ",1789350921000,1830,
https://x.com/Willemijn_Fans/status/2099134490522312780,2099134796924686790,X/Twitter,Willemijn_Fans,"Adik Kaka main di mobil viral
https://t.co/1vNKk3LxHp

https://t.co/YQLcjvuBff

https://t.co/H3dhjPolpC

https://t.co/XJSKEDE7U9

Minggu Yuki LPDP Laut Jawa Senin Sulawesi Mandalika Yuji Maudy Ayunda https://t.co/XnziCqLSa9",1789307710000,1535,
https://x.com/closetowhy/status/2099178456617800016,2099100141655613828,X/Twitter,closetowhy,"Setuju bahwa sebetulnya gaji bersifat confidential. Karena, at some companies, walaupun jabatan sama dalam kantor yg sama pula, jumlah yg diterima tidak selalu sama. So, please be very careful with what you post on social media. You can always be grateful in another way.",1789299447000,11597,
https://x.com/florscents/status/2099158865053204739,2099160443663344029,X/Twitter,servis_akhlak,@florscents kalo bernadya dispotify dengerin atau gaada?,1789313824000,77,
https://x.com/eccaxn/status/2099316209380712475,2099316039897211188,X/Twitter,eccaxn,"pns ini yang rame
https://t.co/uJqshdCcx7 

https://t.co/WC3jJEuYZp 

https://t.co/k8blYRPVwz 

https://t.co/xoB2Ko2c13
Laut Jawa Maudy Ayunda Pagiii Senin perthsanta at mchoice Sarapan https://t.co/JmB8OVmmkQ",1789350921000,1830,
https://x.com/sehyrui/status/2099318542172848383,2099320005204775244,X/Twitter,dreamiesea,@sehyrui Kak btw ini berita intinya deh gmna ya? Di aku lewat beberapa kali 😭,1789351867000,88,
https://x.com/sehyrui/status/2099318542172848383,2099337188475592979,X/Twitter,peachyjeyya,"@sehyrui Aku ketika usia 20an awal jg idolain dia. Tapi makin dewasa kek, hmm gak dulu deh",1789355964000,9,
https://x.com/ouwsem/status/2099174322544029765,2099174928872587450,X/Twitter,ouwsem,jujur butuh segmen beropini lagi,1789317278000,48,
https://x.com/ouwsem/status/2099174322544029765,2099154823618953387,X/Twitter,ouwsem,bos gue yg super ocd aja bbrp kali negur gue “us gaperlu sedetail itu kok” tp gue gemessss kalo ga presisi sesuai realnya😭,1789312485000,269,
https://x.com/angeluws/status/2099165730466127920,2099169482270982438,X/Twitter,angeluws,"Kita gak marah sama warga sana, samsek engga. Kita cuman tidak suka sistem sentralisasi itu sendiri.",1789315979000,61,
https://x.com/maxversai/status/2099180763816366255,2099187029120794879,X/Twitter,maxversai,untung ga pernah ngidolain sp2 di indo ini kecuali mas finance,1789320163000,84,
https://x.com/sushiseshi/status/2099312352630022437,2099312357369647152,X/Twitter,sushiseshi,soalnya gue suka mody dulu jmn jmn sma HUFT,1789350043000,4,
https://x.com/sushiseshi/status/2099312352630022437,2099315205473989060,X/Twitter,sushiseshi,typingnya jg kaya typing cewe wkwkwkw,1789350723000,27,
https://x.com/i4markii/status/2099315106027131251,2099115568171458908,X/Twitter,i4markii,Yang bikin gw excited setiap harinya cuman updatean author AU homo kesayangan gw,1789303125000,12,
https://x.com/gustriasyah/status/2099228645839733235,2099231766796235146,X/Twitter,gustriasyah,"Ya lek pinter ngga dadi aparat sih,",1789330829000,10,
https://x.com/terfenomenal/status/2099142411687706692,2099142416708276608,X/Twitter,terfenomenal,miris rasanya defining mindfulness by taking a step away from “bad news”. its so easy for the privileged to conclude and reduce the whole situation as just “bad news” when its a cruel reality thats happening and actively tormenting the people. do better maudy,1789309526000,26,
https://x.com/meovvssooin/status/2099206490469081385,2099208180102508983,X/Twitter,meovvssooin,even serang kyknya kena dikit tuh geter geter kalo gempa lagi 😔,1789325206000,229,
https://x.com/jsuhstyle/status/2099309288674165125,2099248841694556572,X/Twitter,jsuhstyle,wkkwkw ini lucu hp hp pada throw the shade over hp ntu,1789334900000,22,
https://x.com/sanposhimasshou/status/2099200998908866786,2099239252643242158,X/Twitter,sanposhimasshou,pengen detach parah :),1789332614000,5,
https://x.com/arkdsaban_/status/2099276800379732256,2099284921437315438,X/Twitter,arkdsaban_,"timah di bangka ditambang macam gila dikirim mentah ke sg dikasi label merk sg dijual sama si sg

HMMM LEZATTTT",1789343502000,18,
https://x.com/dewa76812781826/status/2099314428496015457,2098940606307582159,X/Twitter,dewa76812781826,"Sebo hitam demi asas praduga tak bersalah. Sopan sekali tersangkanya diperkenalkan. 😭

Sunderland &gt; Konsa &gt; Persija &gt; STOCKS &gt; hoshi &gt; David Raya &gt; namjoon &gt; Saka &gt; Trisha &gt; Malam Minggu &gt; Malming &gt; Elena Rybakina &gt; Emil &gt; war trakcil &gt; #zonaba &gt;",1789261411000,716,