url,platform,account_name,followers,date_posted,description,content_type,views,likes,replies,retweet/repost
https://www.threads.com/@giong_are_giovani/post/DdQ1sW0nzP-,Threads,giong_are_giovani,,"9/14/2026, 9:42:09 AM","Pernah dengar pepatah kalau jalan menuju kehancuran seringkali dibangun menggunakan niat yang baik?

Kasus Maudy Ayunda yang dihujat habis-habisan gara-gara konten mindfulness-nya adalah contoh paling nyata dari tragedi ini. Niatnya murni ingin jadi penyembuh di tengah krisis, tapi dia malah berakhir menjadi antagonis di mata masyarakat akar rumput. Di utas ini, mari kita bedah tragedi psikologis dari apa yang disebut sebagai jebakan Privilege Blindness.",post,,,995,
https://www.threads.com/@gome_endigo/post/DdPyZkBj13_,Threads,gome_endigo,,"9/13/2026, 11:54:08 PM",Yang nyinyir sama Maudy Ayunda itu mayoritas orang-orang yang nasibnya ga seindah Maudy. Orang-orang Minta respon terhadap kebakaran hutan emang kalo dia speak up kebakarannya padam? Kalian cuma ngebacot di sosmed minimal separuh gaji kalian di kumpulkan buat nyumbang untuk warga Kalimantan,post,,,870,
https://www.threads.com/@americanoat1pm/post/DdRYhfpklDg,Threads,americanoat1pm,,"9/14/2026, 2:46:30 PM","Bukan maksudnya menggurui
Tapi kalau kamu merasa ada yang salah sama cara berpikirnya Maudy Ayunda. Ya kamu itu belum ada di levelnya dia
Maudy Ayunda itu mau ngajak kalian untuk naik level
Kalau kalian merasa itu ga cocok sama kalian ya berarti you know which level are you",post,,,657,
https://www.threads.com/@michiamo_henny/post/DdSlMRACYvr,Threads,michiamo_henny,,"9/15/2026, 1:56:26 AM",Jurnalist minta maaf ke Maudy Ayunda kalau ada berita yg d anggap buruk🤭,post,,,459,
https://www.threads.com/@hallolalalah/post/DdS6SqRmOZ0,Threads,hallolalalah,,"9/15/2026, 5:00:49 AM","Cinta Laura: “Dia itu anak orang kaya banget, nggak perlu beasiswa... tapi orang ini dapat beasiswa dari negara. Aku nggak akan sebut siapa.”

Di podcast Kemal Palevi, Cinta Laura cerita soal kenalannya yang mendapat beasiswa meski berasal dari keluarga yang sangat mampu.",post,,,443,
https://www.threads.com/@ariq_nauffal/post/DdTPcQ_iQdN,Threads,ariq_nauffal,,"9/15/2026, 8:05:38 AM","Setelah nonton, gw makin ga paham knp dia di hujat. Kayaknya masyarakat emang lagi sensitif aja dan nyari pelampiasan amarah akan kesialan hidup mereka. Enak banget emang ngatain orang/pemerintah daripada mikir knp mereka berakhir sebagai pecundang.",post,,,360,
https://www.threads.com/@mudaberceritalk/post/DdOw7k6iUmk,Threads,mudaberceritalk,,"9/13/2026, 2:22:22 PM","Maudy Ayunda pernah bikin heboh satu Indonesia cuma gara-gara video 5 detik. Dari sekadar obrolan santai, tiba-tiba berubah jadi polemik nasional yang bikin netizen debat kusir berhari-hari.

Waktu itu Maudy ikutan sesi rapid fire question seru-seruan di TikTok Felicia Tjiasaka. Formatnya jelas: pertanyaan kilat yang wajib dijawab cepat tanpa sempat mikir panjang.

Salah satu pertanyaannya:

“Kalau jadi Menteri Pendidikan, apa yang bakal kamu lakuin?”",post,,,306,
https://www.threads.com/@dannpgwk/post/DdS-ZdzmkpF,Threads,dannpgwk,,"9/15/2026, 5:36:42 AM","Cuman mau kasi tau, Ini demo Besar 'TOLAK MBG' di Wamena hari ini. Cuman tdk diliput media mainstream.",post,,,165,
https://www.threads.com/@adityawrmaan/post/DdRWIjGmvoL,Threads,adityawrmaan,,"9/14/2026, 2:25:37 PM","Terima kasih kak sherina telah peduli lingkungan indonesia, kagak kayak yang onoh si paling mindful",post,,,129,
https://www.threads.com/@candraadiputra/post/DdSlREgmBdt,Threads,candraadiputra,,"9/15/2026, 1:57:06 AM","Save maudy Ayunda dari kebodohan netizen yang merasa paling benar. Yang merasa paling pinter dan netizen thread para pembenci pemerintah

Saya dukung Muady Ayunda. 

Kamu?",post,,,123,
https://www.threads.com/@agung_joko/post/DdTHY_yAVON,Threads,agung_joko,,"9/15/2026, 6:55:16 AM","Orang yang ngetawain dan ngejokes tentang Maudy Ayunda mungkin dia blm ketemu langsung. Sebaik dan sehumble itu dia sama orang baru, salah satunya ke gw yg awalnya gw fans sama dia malah bisa jadi temen. Semua yg udh ketemu dia pasti sependapat sama gw",post,,,111,
https://www.threads.com/@sossisagaya/post/DdShA0ymXPS,Threads,sossisagaya,,"9/15/2026, 1:19:55 AM","Telur 1 biasa
Telur 2 istimewa
Telur 3 Maudy Ayunda",post,,,81,
https://www.threads.com/@notrobss1/post/DdTNU7IIC2i,Threads,notrobss1,,"9/15/2026, 7:47:09 AM","flirting jago, ngobrol nyambung, becanda se jokes, tapi sahabatan. GOKILLLLLLL",post,,,79,
https://www.threads.com/@leo_edw/post/DdS7sj9mGRu,Threads,leo_edw,,"9/15/2026, 5:13:05 AM","Gila ini titik api sampai detik ini pun masih banyak banget.. Pontianak AQI udah 1000+.. keluargaku masih banyak di sana. Pagi udah kayak sore, sekolah full online, tapi air pam air asin udah sebulan. 

Lihat gambar 2, di TN Tanjung Puting aja titik apinya sebanyak itu. Orangutan udah kelihangan 60% habitatnya. Very sad news.  Pray for Kalimantan😭😭😭💔💔💔",post,,,68,
https://www.threads.com/@hanzkyy/post/DdRWNzXj0kA,Threads,hanzkyy,,"9/14/2026, 2:26:20 PM","Jujur kaget dan bingung banget sih dengan kritik yang nggak berhenti2 dan masif banget tentang Maudy Ayunda. Wayyy out of proportion.

Dari sebelum nonton videonya aja aku mikir, kayanya nggak mungkin deh Maudy bisa se-tone deaf yang orang2 bilang? Sampai akhirnya barusan aku nonton sendiri videonya. Dan bikin Threads ini…",post,,,67,
https://www.threads.com/@faridaindriastuti/post/DdTLwJyEd46,Threads,faridaindriastuti,,"9/15/2026, 7:33:23 AM","Maudy Ayunda, kenalkan namanya Regina, narasumber saya dari Suku Amungme umur gak jauh dengan umurmu 30-an tahun. Dia hidup di atas kekayaan emas, uranium, dan hutan Papua, tapi sekolah drop out SD. Desanya pernah dibakar, ditembaki dan terpaksa mengungsi tanpa bekal makanan, apalagi uang. Perempuan seperti Regina gak mungkin bisa mengakses pendidikan seperti Maudy Ayunda, sekolah internasional dan beasiswa LPDP ke LN. Ketika dia lari dari konflik, cuma satu yang dipikirkan, anaknya tetap hidup!",post,,,62,
https://www.threads.com/@afterstargazing/post/DdS44SlEk_7,Threads,afterstargazing,,"9/15/2026, 4:48:28 AM",mencoba tetap mindful dengan cara ngeblock akun2 centang biru semacam ini💆‍♀️🧘‍♀️,post,,,56,
https://www.threads.com/@swiftie_girlss/post/DdTJFV0k65N,Threads,swiftie_girlss,,"9/15/2026, 7:10:04 AM","Habis nntn konten ini,,jdi sad aja sama isi komentar d akun Maudy yang penuh cacian. 
Dia bukan ngajak kalian tutup mata utk semua bad news
Singkatnya ,,dia bagi perspektif buat orang yang merasa tidak berdaya untuk mengatasi berbagai persoalan yang serius. 
Mungkin kamu bukan orang yang terima bad News dan berpikir utk cari solusi,,kalau memang bgtu,,tdak prlu tersinggung.
Tidak menyinggung masyarakat yang terdampak langsung, konteksnya adalah utk orang yg tdk berdaya atas hal buruk yg trjdi",post,,,44,
https://www.threads.com/@missguidez/post/DdTOvQMFLUF,Threads,missguidez,,"9/15/2026, 7:59:29 AM",Udah di tahap di unfollow temen gegara sering posting keracunan MBG dan kejelekan rezim 🫠,post,,,43,
https://www.threads.com/@agismaulanna/post/DdSvo3UE7iA,Threads,agismaulanna,,"9/15/2026, 3:28:57 AM","Bagi orang kaya, penderitaan orang miskin dianggap cuman berita buruk",post,,,41,
https://www.threads.com/@randijmiranda/post/DdRJCF8mGs5,Threads,randijmiranda,,"9/14/2026, 12:31:09 PM",Boycott aja jangan kasih supply Tengkawang lagi dari desa2 kita d Kalimantan ke brand ny @fromthisisland 🔥. She doesn’t even use her platform to speak up about the forest fires d Kalimantan yg dia claim sendiri jdi sumber terbesar utk Tengkawangny.,post,,,37,
https://www.threads.com/@atuthandarini/post/DdRCfpfFHxj,Threads,atuthandarini,,"9/14/2026, 11:34:01 AM","Satu gerbong, seribu harapan, nol ruang gerak. Yang penting sampai tujuan, urusan napas belakangan.",post,,,36,
https://www.threads.com/@aminfahruddin/post/DdSnHeBGBFM,Threads,aminfahruddin,,"9/15/2026, 2:13:16 AM",kalau main vendor lagi couple / beauty session terus vendor candid ikut curi” fotonya apakah masih dinamakan candid? 🙏🏻,post,,,34,
https://www.threads.com/@ayudiasekar_okra/post/DdTO4yNFLDl,Threads,ayudiasekar_okra,,"9/15/2026, 8:00:47 AM","Disuruh solat tobat sama Gubernur Bengkulu, gara-gara BBM langka. 🙏🏼",post,,,33,
https://www.threads.com/@moodsplaydrum/post/DdS8MEbkw8T,Threads,moodsplaydrum,,"9/15/2026, 5:17:23 AM","𝙙𝙪𝙡𝙪 𝙥𝙖𝙨 𝙟𝙙 𝙕𝙖𝙚𝙣𝙖𝙗 𝙜𝙖 𝙨𝙤𝙠 𝙄𝙣𝙜𝙜𝙧𝙞𝙨 𝙜𝙞𝙩𝙪... 𝘽𝙚𝙩𝙖𝙬𝙞 𝙠𝙖𝙡𝙚𝙢 𝙙𝙖𝙝, 𝙖𝙥𝙖 𝙠𝙖𝙧𝙚𝙣𝙖 𝙆𝙤𝙝 𝘼𝙝𝙤𝙣𝙜 𝙟𝙙 𝙗𝙚𝙜𝙞𝙣𝙞?",post,,,29,
https://www.threads.com/@handystdi_/post/DdSOgyMExcA,Threads,handystdi_,,"9/14/2026, 10:38:16 PM","Permisi.
Ini bukan AI. Ini kondisi nyata di Kalimantan. Titik api baru masih bermunculan, dan udara di sini benar-benar sudah rusak oleh asap. Bukan cuma soal jarak pandang, tapi udara yang kami hirup setiap hari. Kondisinya masih parah, meskipun perhatian publik mulai teralihkan ke isu lain. Tolong jangan sampai kondisi ini kembali dilupakan. Tolong bantu kami bersuara.",post,,,29,
https://www.threads.com/@siwisartika_/post/DdSfnBykl6L,Threads,siwisartika_,,"9/15/2026, 1:07:40 AM","Q juga tim maudy sih bukan apa apa kita ga punya kendali ke org lain atau pun negara tapi kita punya kendali di diri kita sendiri. Dan emang yg aku rasain dengan ga banyak mikirin atau lihat bad news aku lebih tenang sih. Aku bahkan unfollow org2 yg menurut aku bikin aku merasa iri , ga menghargai diri sendiri , ga bisa lihat diri aku berharga. Aku belajar fokus sama apa yg bisa aku kendalikan. Dan ini lebih bikin aku tenang. Intinya ga harus semuaaa kita pikirin capek stress.",post,,,26,
https://www.threads.com/@ri3ska/post/DdTTfjxCEQX,Threads,ri3ska,,"9/15/2026, 8:41:02 AM","Kupikir Endang Estaurina ternyata Endang S. Taurina. 

Kamu tau engga si S tau Rina? 
Engga..",post,,,25,
https://www.threads.com/@shissy_siska/post/DdTKX2sGCia,Threads,shissy_siska,,"9/15/2026, 7:21:20 AM","Abis Maudy skrg ke case Pak Purbaya ya. Pertama naik didukung, rame, viral, ampe IHSG naik. Pas IHSG turun dihujat, ampe kurus dia, dikatain ga bs kerja, ga kompeten dll. Trus di reshuffle kan, eh balik didukung, dibilang bagus udh ga di kabinet. 

Kesimpulan nya mah, klo ga pro pemerintah berarti lo di kubu gw, gitu kata kaum2 penghujat Maudy tadi😀",post,,,19,
https://www.threads.com/@pikipikih/post/DdTXkHGlFIN,Threads,pikipikih,,"9/15/2026, 9:16:36 AM",Maudy Ayunda pakai buzzer kah? dari tadi lewat terus yg nge up ngebela. Kemarin hampir semua yg lewat itu yg marah marah soal postingan videonya,post,,,15,
https://www.threads.com/@raekiyo_/post/DdTWbjwieQf,Threads,raekiyo_,,"9/15/2026, 9:06:42 AM","Kata-kata nya pedes kak, tapi memang begitulah realita nya. Minimal kalo emang gasuka sama pemerintah, stop nerima bantuan deh dari mereka, kek tetangga gw.. dia benci bgt sama prabowo, keknya hampir setiap ke rumah gw ngomongin pemerintahannya mulu ke bapak gw, terus keluarga nya kan dapet bantuan berupa beras dan uang langsung dikasih ke orang lain, alhamdulillah pas didata skrg hidupnya udah naik level, katanya udah ga layak nerima bansos lagi. Keren kata gw😂",post,,,14,
https://www.threads.com/@archrid187/post/DdTWzT5Ec4Z,Threads,archrid187,,"9/15/2026, 9:09:56 AM","Tiga kali nonton video Maudy Ayunda.
Cuma buat cari, sebenarnya apa yang salah. Kenapa orang orang menghujat lulusan Stanford ini.
Dan gue ga nemu, like, gue ga tau apa yang salah dari ucapan beliau. Not a single beat.

Pov : dari seseorang yang ngeliat dari menara gading, atau mereka yang sudah duduk di life boats while everybody's sinking.",post,,,10,
https://www.threads.com/@rafiealtamis/post/DdTf98bAWSr,Threads,rafiealtamis,,"9/15/2026, 10:30:02 AM","Ramainya Maudy Ayunda menurut saya bukan cuma soal mindfulness.

Ini membuka diskusi yang lebih besar:

kadang privilege membuat kita lupa bahwa tidak semua orang punya pilihan yang sama dalam hidup.",post,,,8,
https://www.threads.com/@siskaarn/post/DdTYbSJFJ1K,Threads,siskaarn,,"9/15/2026, 9:24:08 AM","Prihal Maudy Ayunda, menurut ku yang perlu dibahas bukan apakah mindfulness itu benar/salah. Secara psikologis, membatasi paparan berita ketika kita merasa kewalahan memang masuk akal. 
Yang menjadi persoalan justru konteks sosial di balik nasihat tersebut",post,,,7,
https://www.threads.com/@ginamaricar/post/DdTcMf3mCjU,Threads,ginamaricar,,"9/15/2026, 9:57:04 AM","I’ve been unusually invested in this whole Maudy Ayunda discourse.

Dan mungkin kebanyakan pendapat saya tentang isu ini datang daripada perspektif seseorang yang sendiri hidup dengan mental illness.

Sebab itu, bila Maudy bercakap tentang perlunya kita sesekali berhenti daripada doomscrolling, daripada terus-terusan membaca berita buruk dan memberi ruang kepada diri sendiri untuk bernafas — I understand  where she’s coming from. 
Faham kenapa kadang-kadang kita perlu disconnect.",post,,,6,
https://www.threads.com/@rizkilancarjaya/post/DdTZr8SD8Yq,Threads,rizkilancarjaya,,"9/15/2026, 9:35:09 AM","Kalo dipikir pikir apa yang disampaikan Maudy Ayunda ini tentang tutorial menjadi waras di tengah kondisi negara yang tidak waras, gitu ga sih?",post,,,6,
https://www.threads.com/@faridkael/post/DdTWF2smLeO,Threads,faridkael,,"9/15/2026, 9:03:44 AM","Maudy ayunda terlalu overhated

Karena rame di timeline, aku coba nonton full videonya. Kurasa gada masalah sii.. kebanyakan dia menceritakan dari PoV dia yang mana maudy orangnya sensitif dan emosional jadi dia berupaya memfilter sumber berita yg masuk, thats good.

Beberapa kali juga dia menekankan kalau dia ga menutup mata terhadap isu-isu yang ada. Terus salahnya dimana??",post,,,6,
https://www.threads.com/@awanaread/post/DdTTditE2ao,Threads,awanaread,,"9/15/2026, 8:40:45 AM","Aduh, gara-gara Maudy Ayunda tone deaf sekarang banyak yang roasting buku Let Them anjir 😭 Best read aku tahun ini padahal tuh buku, cukup ngasih impact buat cara pikir dan pengambilan keputusan pas tau diselingkuhin, ah elah 🤣",post,,,6,
https://www.threads.com/@rifniraihana/post/DdTLwSniarf,Threads,rifniraihana,,"9/15/2026, 7:33:24 AM","Lebih ke empati. Lo tahu gak yang daftar lpdp 30-70% menengah kebawah? Makannya butuh beasiswa. Ya kalo orang kaya ikutan ambil jatah, gak salah tapi kayak gak etis. Sama kayak orang yang kategori pendapatan 8jt keatas ambil rumah subsidi. Padahal target audience jelas, yang butuh bantuan. Yang kaya udah nyaman dan bisa biaya dari uang sendiri kenapa harus apply beasiswa? Simple aja.",post,,,5,
https://www.threads.com/@darkside.ofmeee/post/DdThUMKE6Ll,Threads,darkside.ofmeee,,"9/15/2026, 10:41:49 AM","setelah baca beberapa utas yang membahas tentang vt maudy ayunda yang ini, kayanya gue pun udh mulai paham point yang sebenernya maudy ingin sampaikan dan juga point yang memancing kemarahan netizen like? maudy adalah lulusan oxford yang mungkin diharapkan netizen itu adalah action maudy yang lebih dari itu ya kann? gue juga nemu salah satu komentar di vt tersebut yang dimana gue setuju banget tapi menurut gue dia tetep pantes buat dibilang TONE DEAF.",post,,,5,
https://www.threads.com/@hallolalalah/post/DdS6SoQGH2q,Threads,hallolalalah,,"9/15/2026, 5:00:49 AM",Setuju ya sama Cinta Laura? 👀,post,,,5,
https://www.threads.com/@priitaal/post/DdQbKkbmLRs,Threads,priitaal,,"9/14/2026, 5:50:21 AM",Real harusnya sebagai owner dia ikutan speak up ttg alam kalimantan yg dia pake buat brandnya itu,post,,,4,
https://www.threads.com/@imaqueennz/post/DdTYfGymDCC,Threads,imaqueennz,,"9/15/2026, 9:24:39 AM","Maudy Ayunda? Ndaaa ayu kalo dia tone deaf.

Dari dulu gue melihat pendidikan Oxford–Stanford-nya selalu sangat kuat ditampilkan sebagai achievement personal. Tapi yang gue pertanyakan justru: di mana implementasi ilmu dan critical thinking-nya ketika berhadapan dengan isu sosial yang nyata?

Punya gelar tinggi ≠ otomatis punya social awareness atau critical thinking yang tinggi.",post,,,4,
https://www.threads.com/@sarahyulianas/post/DdTUmZeCQCL,Threads,sarahyulianas,,"9/15/2026, 8:50:42 AM",Tuition maudy ayunda di stanford yg pakai LPDP itu bisa biayain hampir 23 orang MBA ITB gratis. Dengan output 23 orang minimal bgt kelar MBA jadi budak corporate di Indonesia yang sedikit membantu perekonomian negara tapi banyak bantu keluarganya untuk survive.,post,,,4,
https://www.threads.com/@nurul.isma_/post/DdSv2YqAQok,Threads,nurul.isma_,,"9/15/2026, 3:29:34 AM","Mantap naik terus dia dr 400 skrng seribu :)
Maaf mbaa ijin @maudyayunda , takutny utas sy lewat di emba. Bisa di SKIP aja ya mba.
#karhutla2026 #palangkaraya",post,,,4,
https://www.threads.com/@bingungmasak/post/DdTNTIwk1kl,Threads,bingungmasak,,"9/15/2026, 7:46:54 AM",Maudy kenapa sih? Ketinggalan berita nih,post,,,3,
https://www.threads.com/@vanessabahar_/post/DdTE-K_iJp0,Threads,vanessabahar_,,"9/15/2026, 6:34:35 AM","temenku fia yg tiba2 pagi2, ngereog, sedih, marah, sama situasi indo saat ini. ”NES BINGUNG BGT HARUS APA??😭” yap, kita cuma bisa sedikit menyuarakan, dg kita yg BUKAN SIAPA2. disamping itu, ada aktris dengan beasiswa LPDP, ber privilege buat bersuara, dan lebih memilih diam demi MINDFULNESS😅",post,,,3,
https://www.threads.com/@jsmnsherin/post/DdTjKsjmp6F,Threads,jsmnsherin,,"9/15/2026, 10:57:59 AM","soal Maudy ayunda yang lagi rame, awalnya aku juga ngeliat ini sebagai situasi yang cukup sensitif dan bikin masyarakat saling serang. ehhhh tapii setelah nonton dan baca beberapa review dari temen2 threads yang mencoba melihatnya dari berbagai point of view, aku jadi mikir lebih jauhhh",post,,,3,
https://www.threads.com/@apriyuliyana/post/DdTUvywEoWR,Threads,apriyuliyana,,"9/15/2026, 8:51:59 AM","kepada warga kalimantan yg nafasnya sesek kena asap, rakyat yg terjebak kemiskinan struktural, rakyat yg anggaran pendidikan dan kesehatannya dipangkas, terutama para satwa yg 'rumah' teduhnya hangus dilalap api ... sebaiknya kalian segera minta maaf pada maudy ayunda.

gara-gara kalian, maudy ayunda jadi stres memikirkan berita buruk yg kalian alami 😔",post,,,3,
https://www.threads.com/@irvineindigo/post/DdTfT-7k5GQ,Threads,irvineindigo,,"9/15/2026, 10:24:18 AM","Kamu sendiri udah baca komentar saya sampai tuntas belum? Coba tunjukkan di bagian mana ada satu kata pun saya nyebut soal ""bencana alam"". Gak ada sama sekali. Ngedebat kok kayak pakai AI yang lagi halusinasi. Bikin asumsi sendiri, dibantah sendiri. Analogi serangan jantung yang saya buat itu gambaran krisis, bukan bencana alam. Lucunya, contoh yang kamu sebutin seperti rupiah anjlok, KKN merajalela, hukum dipermainkan justru makin menguatkan analogi saya.",post,,,2,
https://www.threads.com/@archive.5hr/post/DdTetj4n7nW,Threads,archive.5hr,,"9/15/2026, 10:19:04 AM","makin sini makin seneng dg 2 app ini (X dan Threads)
karena kita bisa diskusi, bahas topik tertentu, dan ngelatih daya kritis juga

tapiiiiii ada beberapa yg kadang oot dan malah nyerang personal
kayak contohnya kasus Maudy Ayunda. bahasannya mmg debatable dan bagus bgt buka diskusi ttg hal tersebut. cuma banyak yg malah nyerang personalnya, hadeuh rusak deh forumnya.",post,,,2,
https://www.threads.com/@yoadjhiyo/post/DdTa8hrEh-z,Threads,yoadjhiyo,,"9/15/2026, 9:46:09 AM","Sekelas maudy pake buzzer nih? Jelas2 argumen sesimpel moral compass dia aja kemana. Dia beasiswa pake uang rakyat, at least mengabdi ke isi sosial dr mata kuliah / jurusan yg diambil. Dia ambil public policy kan? Knp ga bantu fasilitasin ruang publik buat kebijakan. Klo dia punya power di platformnya dgn 18M foll knp ga bantu galang donasi utk guru2 honorer yg gajinya dikit? Knp ga kritik MBG? Berarti bkn gabisa tapi lebih ke GAMAU. As simpel as that",post,,,2,
https://www.threads.com/@babyl0ts0/post/DdRN0y7lCYt,Threads,babyl0ts0,,"9/14/2026, 1:13:01 PM",Kenapa kak kenapaaa,post,,,2,
https://www.threads.com/@reqnews/post/DdTicJUkhUx,Threads,reqnews,,"9/15/2026, 10:51:38 AM","Aktris sekaligus penyanyi Maudy Ayunda memberikan klarifikasi terkait video “Mindfulness di tengah Bad News” yang menuai kritik warganet karena dinilai kurang peka terhadap berbagai persoalan di Indonesia. 

Melalui komentar pada video, Maudy mengakui bahwa kemampuannya mengambil jarak dari pemberitaan negatif merupakan sebuah privilese yang tidak dimiliki semua orang, khususnya mereka yang terdampak langsung. Maudy meminta maaf karena hal tersebut belum cukup direfleksikan dalam videonya.",post,,,1,
https://www.threads.com/@mr.klyto/post/DdTiO1nEoT7,Threads,mr.klyto,,"9/15/2026, 10:49:49 AM",Ni yg dukung maudy knp coba? Ngebuzzer tah u?,post,,,1,
https://www.threads.com/@revadianv/post/DdTh-3FE2Y8,Threads,revadianv,,"9/15/2026, 10:47:38 AM","Apa dikatakan oleh kakak 'Mindfulness' seharusnya begini: stoicism is a concept of mindfulness that is not concern to what we wanna do, but what we have to do; focus on meaning, not only wishes.
Well, we can't just waiting them as bystander effect; jangan berharap pada mereka yang 'have', tapi kita juga harus suarakan masalah yang kita alami ini secara kolektif, bahkan jika kita belum cukup mampu mengejawantahkan ide-ide kita, setidaknya dengan menulis, kita tahu bahwa mereka punya kita.",post,,,1,
https://www.threads.com/@daijoubu.zip/post/DdTh2iEmkfn,Threads,daijoubu.zip,,"9/15/2026, 10:46:30 AM",Yeppp org indonesia hatinyaa kok miris bgt. Ngga ada yg salah dari Maudy Ayunda. Kalian2 penghujat aja yg memang barisan sakit hati. Apa2 dirasanya negative. Ampoooonnnndeh gini amat,post,,,1,
https://www.threads.com/@rohmatulummah55/post/DdThpiTE0g3,Threads,rohmatulummah55,,"9/15/2026, 10:44:43 AM",@meta.ai jelaskan secara singkat isi tulisan tangan maudy ayunda,post,,,1,
https://www.threads.com/@darkside.ofmeee/post/DdThULXE9nn,Threads,darkside.ofmeee,,"9/15/2026, 10:41:48 AM",inget kata-kata dia yang its okey untuk stop read bad news pas otak kita sudah overwhelmed yaa karena disaat otak kita sudah ngerasa burn kita ngga akan bisa mikir apa yang baik untuk kita. itu adalah point yang menurut gue maudy ingin sampaikan.,post,,,1,
https://www.threads.com/@darkside.ofmeee/post/DdThUKsE59T,Threads,darkside.ofmeee,,"9/15/2026, 10:41:48 AM","lanjut apasih yang bikin dia dirujak?
pertama, dia berbicara seperti itu sambil breakfast with privilege seakan bukan hal serius yang sedang dia angkat kaya real obrolan santai with tips aja. dia ga sadar dengan keadaan yang sekarang vt dia bisa memancing amarah dan terasa kurang empati karena ngomong sambil ngunyah”.
kedua, yang diharapkan netizen dari seorang MAUDY AYUNDA adalah bantuan suara dia yang mengangkat beberapa kejadian-kejadian yang sedang terjadi di indonesia.",post,,,1,
https://www.threads.com/@seezha_co/post/DdSzJvsCctI,Threads,seezha_co,,"9/15/2026, 3:58:26 AM","wkwkwk di websitenya each productnya menyumbang 1prsen buat didonasikan
produknya harganya 125rb sekian yg didonasi serebu perak awowkwok",post,,,1,
https://www.threads.com/@nastiti/post/DdTIqlskjQ1,Threads,nastiti,,"9/15/2026, 7:06:25 AM","Oh gitu, harus dimaklumi ya macet 2 jam setiap hari? 😅",post,,,1,
https://www.threads.com/@bycanggihwiguna/post/DdTgRiyCV2t,Threads,bycanggihwiguna,,"9/15/2026, 10:32:43 AM","Kirain uda ketutup ma maudy ayunda, ternyata masih hangat 😂",post,,,1,
https://www.threads.com/@creamolii/post/DdTgRURn_T2,Threads,creamolii,,"9/15/2026, 10:32:41 AM",Abis liat maudy ayunda rameee banget. Jadi punya pertanyaan kenapa orang2 yang emang kaya dari lahir atau emang keluarganya kaya 7 turunan itu kebanyakan minim empati ya?,post,,,1,
https://www.threads.com/@violeteesty/post/DdTf4vlEwyh,Threads,violeteesty,,"9/15/2026, 10:29:19 AM","Banyak banyak belajar dan mencari tahu tentang policy maker kak, dan jurusan kuliah nya maudy itu banyak melahirkan policy maker di dunia kak, kritisi dari segi policy sesuai dengan kemampuan dan background study kak Maudy Ayunda kak kalau mau membela.",post,,,1,
https://www.threads.com/@thelightofdian/post/DdTf0DQCZW_,Threads,thelightofdian,,"9/15/2026, 10:28:41 AM","Ramai tentang Mindfulness by Maudy Ayunda... 
Aku tidak ingin berkomentar apapun tentang Maudy Ayunda... 
Aku hanya mau menulis tentang diriku sendiri, menurut sudut pandangku sebagai seseorang yang mengerti cara mindfulness...
Hidup itu tidak selalu positif,
Positif Negatif itu datang silih berganti(bergantian), hal itu sudah seperti sakelar lampu, On Off... 
Apalagi era sosial media...
Apapun berita yang hadir di berandaku, adalah tanggungjawabku... 
Aku yang menariknya hadir...",post,,,1,
https://www.threads.com/@violeteesty/post/DdTfo_PExk6,Threads,violeteesty,,"9/15/2026, 10:27:10 AM","Maaf kak, uang bansos dari uang rakyat dan uang rakyat asalnya dari pajak. Uang pajak tidak sama dengan uang pejabat kak, mohon bedakan. Banyak banyak belajar dari Maudy Ayunda yang lulusan jurusan bergengsi yang melahirkan banyak policy maker di dunia kak.",post,,,1,
https://www.threads.com/@alyhhhh2/post/DdTfcvJicFl,Threads,alyhhhh2,,"9/15/2026, 10:25:30 AM","ih sama dong kak, aku juga kuliah dan biaya sendiri🤣 waduh keren banget kakak bisa tau vibes orang🤣 btw hp aku udh penuh sih kak, dan disini ga mati listrik 🤣",post,,,1,
https://www.threads.com/@pusssspaaa/post/DdTfoX5oJY7,Threads,pusssspaaa,,"9/15/2026, 10:27:05 AM","Yah kalah dong Maudy Ayunda yang dibayarin pake uang aku 🥹

Ya ampun 🥹

Semangat kak briefing-nya dari kakak pembina ya, ayo terus koordinasi di grup. Semoga makin disayang artis budeg kecintaan kamu 🥹

Memang sekarang tuh cari duit susah banget! Paham banget deh akutuh 🥹",post,,,1,
https://www.threads.com/@dwighto0o/post/DdTfaMdEu7T,Threads,dwighto0o,,"9/15/2026, 10:25:09 AM","agak miris sih, harusnya maudy yg paling gede buat nyuarain kondisi sekarang, karena visi misi brandnya mensejahterakan petani dan SDA lokal tapi malah bikin konten mindfulness, bukannya adanya berita begini bikin produk2 FTI jadi kekurangan sumber bahan baku?",post,,,1,
https://www.threads.com/@luthfir180891/post/DdTc3PYH6rK,Threads,luthfir180891,,"9/15/2026, 10:02:54 AM","Anda dapat beasiswa dari LPDP itu makna nya anda sepaket dengan rasa Kepedulian terhadap situasi yang terjadi di Negeri ini, masa duit pajak rakyat yang dipakai buat biayain kuliah anda tapi anda nya bersikap avoidant 🙏",post,,,1,
https://www.threads.com/@hisyamzayd/post/DdTeO27lMGl,Threads,hisyamzayd,,"9/15/2026, 10:14:52 AM","coba baca utas ini, barangkali bisa mengerti dari pov lain",post,,,1,
https://www.threads.com/@alyhhhh2/post/DdTeLQ6CZKE,Threads,alyhhhh2,,"9/15/2026, 10:14:23 AM","haha ga perlu diprihatinin si kak, kakaknya kali ya?
Empati nol? Saya sesama korban karthutla, tapi saya ga berdiam diri sih kak tetap kontribusi bantu, kakaknya ada kontribusi? Darimana kakak bisa cap perempuan serakah?🤣
Iyanih kak soalnya ga bisa nge hate orang dgn bahan yg sama🤣",post,,,1,
https://www.threads.com/@pusssspaaa/post/DdTeWh6oGuD,Threads,pusssspaaa,,"9/15/2026, 10:15:55 AM","Yah lama bet kak bales, nunggu brief di grup ya? 🥹

Sekarang skenarionya cosplay warga terdampak karhutla? Jadi selain nirempati juga pake kemalangan korban terdampak buat cuci tangan? 🥹

Lagian kak, kalo korban beneran, sibuk pasti pake kuota dan hemat baterai buat teriak di medsos soal darurat bencana, bukan malah jilat Maudy Ayunda 🥹",post,,,1,
https://www.threads.com/@kopral.jono83/post/DdTdtv1jxTo,Threads,kopral.jono83,,"9/15/2026, 10:10:21 AM","Secara teori, yang disampaikan Maudy Ayunda bisa dipahami. Otak tidak hanya memproses benar atau salah, tetapi juga apakah sesuatu dianggap penting, relevan, atau mengancam. Karena negativity bias, berita buruk pada orang tertentu, terlebih yang punya trauma, bisa memicu stres, overthinking bahkan panic attack.

Tapi persoalannya bukan hanya apa yang benar, melainkan kapan dan bagaimana menyampaikannya. Saat seseorang sedang terluka, yang dibutuhkan mungkin bukan cerita tentang masalah kita,",post,,,1,
https://www.threads.com/@beautyjournal/post/DdTdstTGNFl,Threads,beautyjournal,,"9/15/2026, 10:10:12 AM","Maudy Ayunda dan kita semua harus tahu kalo Indonesia jadi negara no. 1 penyumbang emisi karbon terbesar di dunia! 🚨

Menurut data Copernicus Climate Change Service awal September ini, kebakaran hutan di Kalimantan dan Sumatra cuma dalam seminggu (1–7 September 2026) menghasilkan 19,7 juta ton metrik emisi karbon, melampaui emisi harian Rusia! 

Kenapa sih angkanya bisa melonjak drastis? 👇🏼",post,,,1,
https://www.threads.com/@1maharajak/post/DdQvipgFEI6,Threads,1maharajak,,"9/14/2026, 8:48:24 AM","Jangan gitu kak amy, Maudy maga mar a lago Tel Aviv republican ayunda baca berita bad aja lgsg stress apalagi di rujak huhu. Kan Tel Aviv ayunda mau mindful ajaaa gamau stress2 hummmm",post,,,1,
https://www.threads.com/@z4hhhh/post/DdTdKhlEzaq,Threads,z4hhhh,,"9/15/2026, 10:05:32 AM","The recent uproar against Maudy Ayunda is similar to the general dissent towards Ferry Irwandi; two self described ""stoics"" who claim to promote and spread the idea of ""stoicism"" but do not understand it let alone practice it.",post,,,1,
https://www.threads.com/@waterroosterguy/post/DdTctSGk6zd,Threads,waterroosterguy,,"9/15/2026, 10:01:33 AM","“Dia punya power” gw setuju. Tapi kok powernya lgsg kalian ubah jd job desc? Kenapa kontribusi hrs berupa galang donasi, kritik MBG, atau speak up soal isu yg kalian pilih? LPDP ngasi kesempatan pendidikan, bkn kontrak bahwa setelah lulus dia wajib jd aktivis sesuai wishlist netizen. Kalau kontribusi cm sah kalau bentuknya activism yg kalian approve, ya itu bukan lagi ngomongin moral obligation, tapi preference. Anyway, pls kindly search “Maudy Ayunda foundation” and look what she’s doing there",post,,,1,
https://www.threads.com/@mea.culpas/post/DdTcdyOGWsn,Threads,mea.culpas,,"9/15/2026, 9:59:26 AM","Sebenernya yg diomongin mba Maudy Ayunda itu ya ga salah-salah amat, penting memfilter berita buruk. tapi ya emang nirempati aja si dan egois jg menurutku.

Gampang bilang perlu mindfullness kalo bangun tidur masih bisa makan enak, berita buruk penting biar kita peduli ke orang lain yg ga seberuntung kita 🙏",post,,,1,
https://www.threads.com/@durangorantokan/post/DdTa9H6kqY6,Threads,durangorantokan,,"9/15/2026, 9:46:14 AM",Ngga dia ga capek. Dia sedang menikmati hidup enak di rumah mewah dan udara bersihnya tanpa peduli apapun situasi yg sedang terjadi. Kayanya lebih capean elu jilatin dia. Dia mah mana peduli,post,,,1,
https://www.threads.com/@ginamaricar/post/DdTcMdCGFhT,Threads,ginamaricar,,"9/15/2026, 9:57:04 AM","Faham bagaimana rasanya bila minda kita sampai ke satu tahap di mana ia simply cannot take anymore.

Tapi dalam masa yang sama, saya juga faham kenapa apa yang Maudy sampaikan itu tidak diterima dengan cara yang sama oleh semua orang.

Sebab kita bukan homogeneous.

Kita datang daripada latar belakang yang berbeza. Cara kita hidup berbeza. Apa yang kita lalui juga berbeza. Malah kemampuan kita untuk “take a break” daripada sesuatu realiti pun berbeza.",post,,,1,
https://www.threads.com/@ginamaricar/post/DdTcMeyGK04,Threads,ginamaricar,,"9/15/2026, 9:57:04 AM","While some of us have the privilege to put our phones down, stop doomscrolling and take a break for the sake of our mental health, ada yang langsung tak mempunyai pilihan itu.

Sebab berita yang kita mahu berehat daripada membaca itu adalah realiti hidup mereka sendiri.

Realiti yang pahit.

Kita boleh tutup aplikasi.
Kita boleh mute.
Kita boleh letak telefon dan berhenti membaca.

Mereka tak boleh tutup realiti hidup mereka.
Bagi mereka, ini bukan doomscrolling.",post,,,1,
https://www.threads.com/@ginamaricar/post/DdTcMgHmO6j,Threads,ginamaricar,,"9/15/2026, 9:57:04 AM","Saya sendiri hidup dengan mental illness, jadi saya tak akan sesekali memperlekehkan keperluan seseorang untuk berhenti seketika, disconnect dan melindungi diri apabila semuanya menjadi terlalu berat.

Tapi saya juga percaya context matters.

Bila kita memilih untuk bercakap secara terbuka tentang sesuatu yang melibatkan penderitaan begitu ramai orang, kita juga perlu sedar bahawa tidak semua orang mempunyai privilege untuk “take a break” daripada realiti tersebut.",post,,,1,
https://www.threads.com/@ginamaricar/post/DdTcMeFGNBK,Threads,ginamaricar,,"9/15/2026, 9:57:04 AM","Ini kehidupan yang mereka bangun dan hadapi setiap hari.

Ada yang mungkin sudah tidak lagi memikirkan bagaimana untuk hidup dengan lebih baik.

Mereka cuma sedang cuba untuk survive.

Jadi ya, sebagai seseorang yang sangat memahami betapa pentingnya menjaga mental health, I know where she’s coming from. 

Tapi saya juga faham kemarahan warga Indonesia yang tidak bersetuju dengannya.

Jadi, di mana saya berdiri dalam isu ini?
Saya percaya menjaga mental health itu penting.",post,,,1,
https://www.threads.com/@etre_sofia/post/DdTbp61H07T,Threads,etre_sofia,,"9/15/2026, 9:52:21 AM","@meta.ai tapi ya namanya tunjangan nggak kayak gaji ya. Bisa aja menghilang. Kalo gitu, bad policy jadi bad news dong. Ngikutin Maudy Ayunda.",post,,,1,
https://www.threads.com/@meta.ai/post/DdTbtZ-jO5Y,Threads,meta.ai,,"9/15/2026, 9:52:49 AM","Iya paham rasa was-wasnya — tunjangan memang beda sama gaji pokok, dasar hukumnya bisa dievaluasi jadi rasa ""bisa hilang"" itu wajar.

Sampai hari ini nggak ada aturan yang hapus tukin guru PNS Kemenag non-serdik, yang ada tetap pencairan berbasis SIAGA/SSO, makanya validasi biar nggak dobel TPG itu tetap jalan.

Nyambung ke Maudy Ayunda, yang kamu maksud videonya ""Mindfulness in the Age of Bad News"" 21 Agustus yang kemarin viral dan dia minta maaf 13-14 September karena bilang ""Being able to step away from the news is itself a privilege"" — memang buat yang terdampak langsung kebijakan, bad policy itu bukan sekadar bad news yang bisa di-skip.",post,,,1,
https://www.threads.com/@meta.ai/post/DdTZT4aDrsj,Threads,meta.ai,,"9/15/2026, 9:31:52 AM","Iya, sudah pakai SSO SIAGA jadi perhitungannya memang otomatis kebaca.

Uang makan dari presensi, Tukin dari kelas jabatan + presensi + kinerja, makanya admin lebih mudah. Verifikasi tetap perlu biar tidak dobel dengan TPG / Inpassing dan datanya valid sebelum cair.",post,,,1,
https://www.threads.com/@waterroosterguy/post/DdTcSR6kx0X,Threads,waterroosterguy,,"9/15/2026, 9:57:51 AM","“Nggak peduli apapun” itu kesimpulan lu dari mana? Lu bisa kritik pilihan kontennya, tapi jangan berubah jadi mind reader. Sherina turun membantu = good. Tapi Sherina melakukan sesuatu nggak otomatis membuktikan Maudy nggak peduli cuma karena dia memilih cara hidup yang berbeda. Dan tolonggg bgt cari tau yg namanya “Maudy Ayunda foundation”, she actually did a lot there.",post,,,1,
https://www.threads.com/@irt.masakini/post/DdTbafcEzag,Threads,irt.masakini,,"9/15/2026, 9:50:14 AM",@meta.ai yang lagi rame si maudy ayunda sebenarnya lagi bahas apa sih dia,post,,,1,
https://www.threads.com/@rag3el/post/DdTbPmRiMPb,Threads,rag3el,,"9/15/2026, 9:48:45 AM",jadi maksudnya pemecatan Pak Purbaya ini pengalihan issue Maudy Ayunda... wkwkwkwkwk....,post,,,1,
https://www.threads.com/@selenasatin/post/DdTaz3hIAIV,Threads,selenasatin,,"9/15/2026, 9:44:58 AM","Not talking about pro and cons about her, tapi gw baru sadar kalau org indo:
- Tidak tahu diskusi yang sehat seperti apa. Beda pendapat = buzzer
- Too much logical fallacy
- Orang2 g bisa bedain kritik dan bully
- Language gap is real ya ternyata. Jujur ini yg paling bikin gw syok sih. Bad comprehension bgt. They even missed the point ttg apa yg Maudy sampaikan. Maksudku okelah nge kritik/nge bela, tp at least paham dulu biar ga kemana2. 
- Gak mandiri dalam berpikir,gampang ke setir arus publik",post,,,1,
https://www.threads.com/@kartikadiany/post/DdScnigjwEd,Threads,kartikadiany,,"9/15/2026, 12:41:31 AM","Hai kak, kalo literasi kamu bagus, coba baca ini dulu. Nanti kamu paham kenapa banyak yg marah sama Maudy..",post,,,1,
https://www.threads.com/@motivasuu/post/DdTYfFQEV1o,Threads,motivasuu,,"9/15/2026, 9:24:39 AM","kalo masalah capek, semua orang di sini juga capek, tapi kita kan selalu punya pilihan buat ngga nunjukin itu di depan semua orang supaya kondisi tim tetap kondusif - bapa2 kantor",post,,,1,
https://www.threads.com/@ids.insight/post/DdTZJNgDSau,Threads,ids.insight,,"9/15/2026, 9:30:24 AM","Maudy Ayunda akhirnya meminta maaf setelah konten mindfulness soal berita buruk dinilai kurang peka oleh sebagian netizen.

Ia mengakui bahwa bisa mengambil jarak dari berita sebenarnya adalah privilege, terutama ketika banyak orang terdampak langsung oleh krisis yang sedang terjadi.

Menariknya, isu ini bukan cuma soal mindfulness, tapi juga bagaimana figur publik membaca konteks sebelum menyampaikan pesan.

Menurut kalian, kritik ke Maudy proporsional atau berlebihan?",post,,,1,
https://www.threads.com/@zakia_zq/post/DdTY3OQk6wu,Threads,zakia_zq,,"9/15/2026, 9:27:57 AM","Gue nggak sedang belain Maudy Ayunda.
Kalau ada yang merasa kontennya tone deaf, nggak relate, or terasa gk napak tanah karena realita kita yang sehari-hari serba nge-press,that’s okay!and it’s valid. Kritik terhadap kontennya sah-sah aja.

Tapi menurut gue, kritik berhenti jadi kritik ketika mulai masuk ke: “mukanya B aja,” “gak cantik,” dan komentar-komentar soal fisik lainnya.

Kita boleh nggak suka kontennya.
Boleh merasa nggak relate. Dan…",post,,,1,
https://www.threads.com/@omwowo_/post/DdTYdDNEVKZ,Threads,omwowo_,,"9/15/2026, 9:24:23 AM","Kicep semua fans Maudy kalo kena utas fakta langsung dari jurnalis. 
Ibarat kapasitas otak Maudy Ayunda itu 1 TB tapi hanya 12kb yang di alokasikan untuk kabar buruk. 😌",post,,,1,
https://www.threads.com/@zorucas/post/DdTYIvRms9x,Threads,zorucas,,"9/15/2026, 9:21:36 AM",apa buzzer maudy ayunda dibayar? prasaan dari kmarin banyak bgt yg buat utas dgn caption menjilat doi? emg siapa dia?,post,,,1,
https://www.threads.com/@skinnyfolk.art/post/DdTWew3CW5J,Threads,skinnyfolk.art,,"9/15/2026, 9:07:08 AM","Sama kek Maudy Ayunda tingkahnya, sipaling silent Majority, gamau tau berita buruk negara ini dzolimnya kek gimana, gamau tau dampak menderita rakyat yg terdampak apa, yg penting idupnya nyaman2 aja itu udah jadi salah satu alesan buat masih dukung Prabowo, tone deaf nir empati akut, mampus gue doain deh orang2 ini 7 turunannya susah idupnya, aminn",post,,,1,
https://www.threads.com/@sefrizalb/post/DdTEw3ej343,Threads,sefrizalb,,"9/15/2026, 6:32:19 AM",ndak mau jg kami nerima nah,post,,,1,
https://www.threads.com/@awakenedboy24/post/DdTVVbFE5Vq,Threads,awakenedboy24,,"9/15/2026, 8:57:07 AM","Kali aja dia ikut wejangan nyai maudy ayunda, mindfulness 😌😌 
And you are the bad news 😭😭",post,,,1,
https://www.threads.com/@dewi.hndyn/post/DdTVNmxkyOt,Threads,dewi.hndyn,,"9/15/2026, 8:56:03 AM",Orang orang pada sibuk debatin maudy ayunda. Gue disini masih sibuk mikir kapan bisa berani makan haidilao tanpa keinget mantan 😭,post,,,1,
https://www.threads.com/@ifhhhhh_/post/DdTUgwXEiAs,Threads,ifhhhhh_,,"9/15/2026, 8:49:56 AM",Ouh anda kosong y? Cocok si sekufu,post,,,1,
https://www.threads.com/@voidinthemeadow/post/DdTVI0FjwSo,Threads,voidinthemeadow,,"9/15/2026, 8:55:24 AM","Saya sih senang2 aja disandingkan dengan Maudy Ayunda wkwk.
Negara demokrasi apaan ini apa2 maksain pandangan orang lain. Yang penting sependapat. Kocak. Wkwk.
Memang benar warga Indon rata2 krisis literasi. Sudah bobrok literasinya.",post,,,1,
https://www.threads.com/@dianindriana.hapsari/post/DdTS1Hgj4I-,Threads,dianindriana.hapsari,,"9/15/2026, 8:35:14 AM",Aku sepakat dengan pembahasan Kak Maudy Ayunda tentang “mindfulness” yang lagi trending saat ini..pro dan kontra tergantung mindset masing2 bukan? 😊,post,,,1,
https://www.threads.com/@nadiyazahraa/post/DdTUvAxIOTm,Threads,nadiyazahraa,,"9/15/2026, 8:51:53 AM","Harusnya maudy ayunda gaperlu jauh2 nyuruh orang indonesia buat nerapin “mindfulness” terlalu fafifu gak praktis dan jatohnya malah jadi nirempati. Coba pake nilai luhur jawa “Tepo Seliro”, pelajari nilai luhur yang paling deket dulu dehh, dah pasti cocok sama kita buat diterapin di situasi apapun dan kapanpun",post,,,1,
https://www.threads.com/@dimasyolandd/post/DdTTUd_mhr6,Threads,dimasyolandd,,"9/15/2026, 8:39:31 AM",Nooooooooo,post,,,1,
https://www.threads.com/@utarizaharani/post/DdTQGVHk4KV,Threads,utarizaharani,,"9/15/2026, 8:11:22 AM","Bisa jadi. Pas dia dihujat, ga lama Pak Purbaya direshuffle. Terus semua orang bereaksi sama berbondong-bondong bikin konten. Padahal mereka punya opsi buat ga dengerin pendapat dia. Bahkan kalau ga di blow up, orang-orang juga pada ga ngeh dia upload video di youtube. Jadi penasaran jangan-jangan emang udh ada orang yang ngintai public figure terus nunggu mereka ngeblunder buat jadi pengalihan isu.",post,,,1,
https://www.threads.com/@ebon_ju/post/DdTTGw0AZmW,Threads,ebon_ju,,"9/15/2026, 8:37:39 AM",jujur sebagai penggemar taylor gswift agak kecewa sih pas lo ngomong maudy ayunda dengan followernya yang berjuta juta itu dengan entengnya ngomong tidak berdaya.,post,,,1,
https://www.threads.com/@tasya.bayyina/post/DdTS08Sktzf,Threads,tasya.bayyina,,"9/15/2026, 8:35:13 AM","Ada akun threads namanya ylein.ann  tidak sependapat dengan Anda. Menurut dia, Maudy itu layak dapat beasiswa LPDP karna pembayar pajak adalah orang kaya; dan org miskin dan menengah tidak bayar pajak, jadi yg layak dapat beasiswa adalah Maudy Ayunda, karna itu berarti dia makan uang pajaknya sendiri. Coba kasih paham 🙃🙃🙃",post,,,1,
https://www.threads.com/@bgjukii/post/DdTU7i_ield,Threads,bgjukii,,"9/15/2026, 8:53:35 AM",@meta.ai bahas berita apa ini?,post,,,1,
https://www.threads.com/@alisubchan/post/DdTi_1TmNll,Threads,alisubchan,,"9/15/2026, 10:56:30 AM",Kenapa dengan Maudy Ayunda Bet?,post,,,0,
https://www.threads.com/@linglianty/post/DdTi-CFGtZ_,Threads,linglianty,,"9/15/2026, 10:56:16 AM","Makanya baca novel. Biar relate, biar ngerti, biar paham, biar peka, biar gak kayak Maudy Ayunda.",post,,,0,
https://www.threads.com/@sal_ah.3/post/DdTi8KPDFSb,Threads,sal_ah.3,,"9/15/2026, 10:56:00 AM","Wkwkwk justru orang kaya itu banyak yang malas ambil LPDP karena apa? Ya karena harus mengabdi 2N+1 gak bisa langsung berkarir di luar negeri ?

Kenapa mereka apply beasiswa? Simple orang kayak mereka misal maudy ayunda gak akan aji mumpung. Karena ke luar negeri udah biasa yang lain ? Banyak yang mangkir",post,,,0,
https://www.threads.com/@almiradisorder/post/DdTiwy3iaqH,Threads,almiradisorder,,"9/15/2026, 10:54:27 AM",Maudy ayunda kacaw,post,,,0,
https://www.threads.com/@laarassati11/post/DdTin_vmMYi,Threads,laarassati11,,"9/15/2026, 10:53:15 AM","Melihat kasus Maudy ayunda sebenarnya banyak disekitar kita tipe orang yang seperti dia, tipe orang yang netral, tidak mau mengkritik atau tidak mau menyuarakan kebenaran, sikap dia hanya diam bahkan saat terjadi banyak kezaliman yang ada disekitarnya. Dulu aku pernah membaca bahwa dalam islam salah satu orang yang berdosa hatinya adalah orang yang netral, netral tidak mau berpihak dan memihak kebenaran. Dia tahu tapi lebih memilih menjadi tuli dan buta untuk menyembunyikan apa yang dia ketahui.",post,,,0,
https://www.threads.com/@kopibdg/post/DdTimJun96y,Threads,kopibdg,,"9/15/2026, 10:53:00 AM",Sebelum Maudy Ayunda udah ada Marissa Anita yg udah duluan kena rujak netizen,post,,,0,
https://www.threads.com/@honeyhope_kids2/post/DdTiK9yD709,Threads,honeyhope_kids2,,"9/15/2026, 10:49:17 AM","Pengen juga kaya maudy ayunda, yang bisa mindfullnes sambil makan toast bread, tapi sadar aku masih sarapan indomie di tempat kerja.",post,,,0,
https://www.threads.com/@thetanaya/post/DdTiKx2D3xC,Threads,thetanaya,,"9/15/2026, 10:49:16 AM",Jadi kalau pesan martabak.. bang pesan martabak Maudy ayunda ya..(meaning telornya 3),post,,,0,
https://www.threads.com/@fujiwiryani/post/DdTiB9eieBw,Threads,fujiwiryani,,"9/15/2026, 10:48:04 AM","Saya awalnya heran kenapa ngga dicuekin aja si Maudy Ayunda ini. Karena buatku pesannya oke aja, memang dgn existing privileges yg dia punya, batin mesti tenang sebelum bisa menebar perubahan. Saya juga percaya perubahan memang dimulai dari diri sendiri. Tapi kalau diliat dari konteks yg ibu jelaskan, aku jadi ngerti kenapa orang marah. Meskipun pada  kenyataannya kita semua hidup dengan realita masing-masing. Salahnya MA, dia audiencenya banyak dan punya hutang budi sama tax payer via LPDP.",post,,,0,
https://www.threads.com/@paulinagmaria/post/DdTh1GPgLdF,Threads,paulinagmaria,,"9/15/2026, 10:46:18 AM",Pernah ketemu Maudy Ayunda dan mamanya lagi makan di restoran sehabis perhelatan G20 di Bali. Di tahun yang sama juga organisasiku beberapa kali meeting sama Maudy dan tim sebagai jubir.,post,,,0,
https://www.threads.com/@fatur_amir23/post/DdTjD8HI3Cc,Threads,fatur_amir23,,"9/15/2026, 10:57:04 AM","Dari pada maudy ayunda yang mindfullness , mending maududi abdullah",post,,,0,
https://www.threads.com/@tobiasarc/post/DdThtSGFOni,Threads,tobiasarc,,"9/15/2026, 10:45:14 AM","Ga usah kelamaan bahas Maudy Ayunda. Mulai merembet lagi ke LPDP. Non-STEM vs. STEM. Ini itu apalah. Ujungnya konflik horizontal lagi.

Jangan gampang kepancing dan reaktif sama segala keributan di medsos. Masih banyak figur dan isu lain yg jauh lebih penting utk dipantau.",post,,,0,
https://www.threads.com/@meta.ai/post/DdThsOzCsCE,Threads,meta.ai,,"9/15/2026, 10:45:06 AM","Isinya pengumuman brand skincare-nya.

Singkatnya dia bilang:

""Hi, akhirnya aku excited kenalin 'From This Island'! Misi kami bikin skincare yang aman + efektif dari superfood lokal Indonesia - kepulauan terbesar di dunia. Indonesia punya banyak cerita amazing yang layak diceritain, dan sudah waktunya kita ceritain. Ikut yuk di perjalanannya! Love, Maudy Ayunda""",post,,,0,
https://www.threads.com/@eleanor_ella98/post/DdThpztlyXe,Threads,eleanor_ella98,,"9/15/2026, 10:44:46 AM",maudy itu roti nya terlalu sehat tapi ada rasa manis kan soalnya warnanya coklat dan ada almond rasanya juga enak *colek maudy ayunda* mungkin aku bs jastip di kamu @maudyayunda,post,,,0,
https://www.threads.com/@saladhokben20/post/DdThaiWiUwy,Threads,saladhokben20,,"9/15/2026, 10:42:41 AM","ah maudy, jadi jelek kan Sagitarius gara2 lu",post,,,0,
https://www.threads.com/@darkside.ofmeee/post/DdThULWE2Ps,Threads,darkside.ofmeee,,"9/15/2026, 10:41:48 AM","menurut gue juga kenapa sih harus ngobrol santai sambil sarapan gitu malah ngomongin hal kaya gini? kenapa ga ngomong lebih serius, berempati atas korban bencana yang sedang terjadi lalu baru dia kasih tips for our mental health right? 
sangat disayangkan sih seorang maudy ayunda malah terkesan tone deaf seperti yang dibilang netizen.

menurut kalian gimana guys?",post,,,0,
https://www.threads.com/@kebutjinan/post/DdThIuqmWoO,Threads,kebutjinan,,"9/15/2026, 10:40:15 AM","https://www.liputan6.com/lifestyle/read/6326061/curhat-maudy-ayunda-nyaris-tak-bisa-produksi-lip-balm-andalan-karena-tengkawang-kalimantan

Dia sadar terdampak, tapi……",post,,,0,
https://www.threads.com/@didi.setyadarma/post/DdTg_pDlIeX,Threads,didi.setyadarma,,"9/15/2026, 10:39:00 AM","The difference is you cannot blame that rich person for being thankful to the weather. 

She doesn’t know that the driver is actually poor and his house is an underground apartment that got flooded due to rain. The driver’s whole family faked their past and identity to get into the rich family’s house remember?

Maudy Ayunda meanwhile knows exactly what’s happening in her country and should know her target audience as well.",post,,,0,
https://www.threads.com/@kantzan/post/DdTg8fCku37,Threads,kantzan,,"9/15/2026, 10:38:34 AM","artinya lu ada di level maudy ayunda, maudy pun ga paham kenapa dia di hujat. enjoy ketidakpahamanmu.",post,,,0,
https://www.threads.com/@kebutjinan/post/DdTg77BGeTB,Threads,kebutjinan,,"9/15/2026, 10:38:30 AM","https://www.liputan6.com/lifestyle/read/6326061/curhat-maudy-ayunda-nyaris-tak-bisa-produksi-lip-balm-andalan-karena-tengkawang-kalimantan

Sebenernya dia sadar kalo terdampak, tapi……",post,,,0,
https://www.threads.com/@waterroosterguy/post/DdTgySNE7YT,Threads,waterroosterguy,,"9/15/2026, 10:37:11 AM","Kakaknya sadar dengan krisis struktural, berarti sudah tau dong address issue ini ke siapa? Ke pemerintahkan? Lalu kenapa ketika ada 1 public figure yang tidak memenuhi ekspektasi mayoritas jadi dianggap tone deaf dan nirempati? Kenapa dia harus jadi maskot dan harus jadi spokesperson kalian? Address critical issue ini ke presiden dan legislatif yang ada, kenapa jadi Maudy Ayunda yg harus ‘menggendong’ beban moral atas apa yg terjadi di negara ini, salah target bu.",post,,,0,
https://www.threads.com/@kawanriang/post/DdTguuOiQg_,Threads,kawanriang,,"9/15/2026, 10:36:42 AM","Dengan kondisi saat ini, empati itu penting untuk ditanam sejak dini.

As parents, we teach children not only to be smart but also to care and empathy.

Sabtu ini English Buddy by Kawan Riang akan ajak anak untuk melihat sekitar dan melukis ide dan imajinasinya untuk peduli lingkungan dan alam.

Kuota hanya 10 anak dan sudah mendaftar 5 anak, yuk daftar ke bit.ly/kawanriang",post,,,0,
https://www.threads.com/@edgyningdiri/post/DdTgkreE_DN,Threads,edgyningdiri,,"9/15/2026, 10:35:19 AM","ya begitu. sementara ini cuman bisa dimaklumi, karena belum ada solusi terbaik dari pemerintah. pengguna jalan hanya bisa diminta untuk memaklumi. kalau kata maudy ayunda, harus mindfullness.",post,,,0,
https://www.threads.com/@jerryskunk/post/DdTghKfkwrP,Threads,jerryskunk,,"9/15/2026, 10:34:51 AM",Maudy Kusnaedy > Maudy Ayunda,post,,,0,
https://www.threads.com/@hizmiearafat/post/DdTgUSoEjUt,Threads,hizmiearafat,,"9/15/2026, 10:33:05 AM","Gausah kita, Orang Utan dan Bekantan kalo mereka maen threads juga pasti maki-maki maudy ayunda.
Bohong mun henteu",post,,,0,
https://www.threads.com/@byblebihbel/post/DdTf-TAGV6F,Threads,byblebihbel,,"9/15/2026, 10:30:05 AM",maudy ayunda apa maudigetok?,post,,,0,
https://www.threads.com/@tunasmekarstore/post/DdTf3dcj6SZ,Threads,tunasmekarstore,,"9/15/2026, 10:29:09 AM","Maudy ayunda?
Yo nda tau kok tanya saya..",post,,,0,
https://www.threads.com/@ini.tarie/post/DdTfvQWknzs,Threads,ini.tarie,,"9/15/2026, 10:28:02 AM","Mohon maaf maudy ayunda kalau kamu belum mengalami berita buruknya, nanti kita doain bareng2 deh biar ngrasain juga",post,,,0,
https://www.threads.com/@hndyrzld/post/DdTfdIyE6NZ,Threads,hndyrzld,,"9/15/2026, 10:25:33 AM",Apa aku tanya maudy ayunda aja ya? Cara biar bisa kerja kejar target ditengah kondisi Samarinda yang begini,post,,,0,
https://www.threads.com/@inpopmedia/post/DdTfH5ZEo4u,Threads,inpopmedia,,"9/15/2026, 10:22:39 AM","Drama konten mindfulness Maudy Ayunda masih berlanjut. Setelah ramai disorot netizen, sejumlah jurnalis, orang media, hingga public figure ikut menyoroti isu tersebut.

Bahkan, presenter senior Dave Hendrik ternyata sudah menyinggung hal serupa beberapa bulan lalu. Pernyataannya kini kembali diungkit netizen di tengah ramainya kontroversi.

#MaudyAyunda #Mindfulness #DaveHendrik #Entertainment #Inpopmedia",post,,,0,
https://www.threads.com/@drierahayu/post/DdTfFOSky_4,Threads,drierahayu,,"9/15/2026, 10:22:17 AM","Atau cari di kolom pencarian di atas itu: ""Maudy Ayunda MA mindfulness tone deaf"". Panjang soalnya ceritanya. Plus, hampir semua orang bikin Thread terpisah tentanh ini.",post,,,0,
https://www.threads.com/@zul_piliank02/post/DdTe6dMk6ze,Threads,zul_piliank02,,"9/15/2026, 10:20:49 AM",Para monyet ragunan pada muncul belain Maudy Ayunda,post,,,0,
https://www.threads.com/@friatnanugerah/post/DdTesdDmvIO,Threads,friatnanugerah,,"9/15/2026, 10:18:54 AM","Pen nyoba ah sarapan ala Maudy Ayunda 
3 telor omega, roti super sehat, sama alpuket.
Sehat sih sehat, tapi lidah gua kayaknya belum siap diajak naik kelas. Kayaknya lebi enaq nasi uduk + gorengan.
Maaf ya, Maudy. 😭🙏",post,,,0,
https://www.threads.com/@meitrisya.aprodite/post/DdTein7n8nl,Threads,meitrisya.aprodite,,"9/15/2026, 10:17:34 AM","Maudy Ayunda liat berita demo2 kemarin mungkin jg ngomong, ""Heleh antek-antek aseng!"" Habis itu ganti channel nonton netflik",post,,,0,
https://www.threads.com/@waterroosterguy/post/DdTed2Ik5w2,Threads,waterroosterguy,,"9/15/2026, 10:16:55 AM",Bentuk rasa kepedulian dia harus ikutin kata netizen kah? Dengan dia bangun “Maudy Ayunda foundation” ga dihitung apa2 kah sumbangsihnya buat negeri ini? Kalian lebih suka liat orang yg koar2 di sosmed drpd yg lgsg action bangun organisasi buat pendidikan anak2 kurang mampu? Gitu?,post,,,0,
https://www.threads.com/@oktorairahadi/post/DdTeaWuGEvk,Threads,oktorairahadi,,"9/15/2026, 10:16:26 AM","Udah semua angle saya baca

Intinya... Orang tersinggung karena ini Maudy Ayunda yg diharap bisa lebih hati2 berucap",post,,,0,
https://www.threads.com/@danishrml/post/DdTeYTBj4G7,Threads,danishrml,,"9/15/2026, 10:16:09 AM",maudy ayunda tuh ibarat lg makan di tengah kerumunan orang” krisis dan kelaparan🙃 poor,post,,,0,
https://www.threads.com/@obie.43/post/DdTePqrFIAC,Threads,obie.43,,"9/15/2026, 10:14:59 AM","Eh..eh..
Sekedar curious:
Kira-kira si Mba Maudy Ayunda itu pernah mikir gini gak: ""Jangan-jangan berita buruk yg membuatku merasa terusik itu karena ada bagian dalam diriku yg menginginkan bersuara dan bertindak? Karena aku gak ada action sama sekali, sehingga aku merasa terusik, tidak tenang, dan bahkan bergejolak emosiku.""

Siapa taaaaauuuu doi mau menyelami dirinya secara  lebih SADAR akan apa yg terjadi di dalam dirinya...",post,,,0,
https://www.threads.com/@kalomalamoverthinking/post/DdTeEbwiWI-,Threads,kalomalamoverthinking,,"9/15/2026, 10:13:27 AM","Reducing exposure to information doesn't reduce exposure to the crisis itself. The problem isn't that people need to protect their mental health. The problem is when protecting your mental health becomes the dominant response to other people's suffering, especially when you have the privilege and influence to do more than simply cope with it.",post,,,0,
https://www.threads.com/@shintatanzil/post/DdTd9k8lLgB,Threads,shintatanzil,,"9/15/2026, 10:12:30 AM","Kemarin ketinggalan berita ttg Maudy Ayunda, skrg ketinggalan berita ttg Pak Purbaya. Payah nih",post,,,0,
https://www.threads.com/@mesalithh/post/DdTdws0mJHD,Threads,mesalithh,,"9/15/2026, 10:10:45 AM","Maudy Ayunda meghimbau kita agar selalu membaca berita dari sumber yang benar, agar terhindar dari berita penggiring/hoax/rage bait. Akan lebih baik jika warga bisa berfikiran tenang dan jernih dalam situasi buruk biar kondisi tidak semakin keruh. Tapi kenapa mereka pada langsung ton daf ton dif, jing?",post,,,0,
https://www.threads.com/@thenishilminowisbahrul/post/DdTdvj7oyxt,Threads,thenishilminowisbahrul,,"9/15/2026, 10:10:36 AM","Maudy Ayunda = Marie Antoinette
Fatimah Az Zahra = Jean d'arc",post,,,0,
https://www.threads.com/@__its.barbs/post/DdTdm2IFBt7,Threads,__its.barbs,,"9/15/2026, 10:09:24 AM",gilasih.. maudy ayunda dikulitin abis bis bissss sm netizen wkwkwk,post,,,0,
https://www.threads.com/@_benitoelcebo/post/DdTdjUtiRlA,Threads,_benitoelcebo,,"9/15/2026, 10:08:55 AM","Maudy Ayunda = Marie Antoinette, inisial MA juga🤩",post,,,0,
https://www.threads.com/@frankstefan2409/post/DdTdS4ij5T6,Threads,frankstefan2409,,"9/15/2026, 10:06:41 AM","lebih respect lihat sherina munaf sih, dari pada maudy ayunda DUTA TONE DEAF",post,,,0,
https://www.threads.com/@pitrissssss/post/DdTdM2pk87f,Threads,pitrissssss,,"9/15/2026, 10:05:51 AM",beneran yaa roda itu berputar. agak syok bgt memasukin era maudy ayunda diserang netijen🫣,post,,,0,
https://www.threads.com/@poetrenaoneal/post/DdTdGOzEg-S,Threads,poetrenaoneal,,"9/15/2026, 10:04:57 AM","Udah si guys, biar MA ga ke up terus, mending  ga bahas lagi. Sehari setelah viral MA, pak purbaya dicopot. Mending yg marah ama MA fokus aja marah ama pemerintah. Lebih manfaat",post,,,0,
https://www.threads.com/@_biskeyyyy/post/DdTctEnCW7A,Threads,_biskeyyyy,,"9/15/2026, 10:01:31 AM",inisial maudy ayunda,post,,,0,
https://www.threads.com/@mas.lemu/post/DdTcs8HkjyP,Threads,mas.lemu,,"9/15/2026, 10:01:30 AM","Sekarang gue yang overwhelmed baca berita Maudy Ayunda 😭 Guys, lagi mikir keras… what can we actually do for Indonesia? Wkwk. Siapa yang mau bikin deck duluan, tapi yang strategic bgt bgt bgt? Gue bantu partnershipsnya deh.",post,,,0,
https://www.threads.com/@pejuang_nalar/post/DdTcm3Zk1of,Threads,pejuang_nalar,,"9/15/2026, 10:00:40 AM","Soal Maudy Ayunda?
I simply stand with her.",post,,,0,
https://www.threads.com/@an.earthlinggg/post/DdTcfN4Eqw0,Threads,an.earthlinggg,,"9/15/2026, 9:59:37 AM",Suruh si Maudy Ayunda naik krl 🫵🏻,post,,,0,
https://www.threads.com/@hadifamily16/post/DdTcUUfFGhx,Threads,hadifamily16,,"9/15/2026, 9:58:08 AM","Maudy Ayunda bung, nulis aja lu salah2, harusnya lu yg di save.. ngebela si paling mindfull yg gak pernah ngerasa panas2 dirumah, yang sarapan pake avocado import,, 🤣🤣",post,,,0,
https://www.threads.com/@fitriani_hsn/post/DdTcQzrmBv3,Threads,fitriani_hsn,,"9/15/2026, 9:57:39 AM",Yaallah aku ngakak. 😂 Maudy ayunda dan Maudy Koesnadi beda orang beda emak bapaknya juga,post,,,0,
https://www.threads.com/@ginamaricar/post/DdTcMfNGH9A,Threads,ginamaricar,,"9/15/2026, 9:57:04 AM","Kita boleh berhenti membaca berita.

Mereka mungkin sedang hidup di dalam berita yang kita cuba elakkan.

Dan di situlah saya rasa mesej seperti ini perlu disampaikan dengan jauh lebih berhati-hati dan empati.

Iya, I understand where Maudy is coming from. 

Tapi, memahami perspektif seseorang tidak bermakna saya perlu bersetuju dengan cara dan waktu ia disampaikan — lebih-lebih lagi apabila ia datang daripada kedudukan hidup yang tidak semua orang berpeluang miliki.

This is where I stand.",post,,,0,
https://www.threads.com/@jaketkulitra/post/DdTjaQ1Afs7,Threads,jaketkulitra,,"9/15/2026, 11:00:26 AM","💥𝗠𝗮𝘂𝗱𝘆 𝗔𝘆𝘂𝗻𝗱𝗮 𝗠𝗶𝗻𝘁𝗮 𝗠𝗮𝗮𝗳 𝘂𝘀𝗮𝗶 𝗩𝗶𝗱𝗲𝗼 ‘𝗠𝗶𝗻𝗱𝗳𝘂𝗹𝗻𝗲𝘀𝘀’ 𝗧𝘂𝗮𝗶 𝗞𝗿𝗶𝘁𝗶𝗸‼️

Maudy Ayunda meminta maaf setelah video bertema mindfulness menuai kritik di media sosial. Namun, klarifikasinya belum sepenuhnya meredakan kritik. Sebagian netizen menilai respons tersebut masih tone deaf dan belum menjawab keresahan yang muncul.",post,,,0,
https://www.threads.com/@cheerftopayrespect/post/DdTcLLACRaF,Threads,cheerftopayrespect,,"9/15/2026, 9:56:53 AM",sempat 🙏🏻 tapi yasudah.... jangan diganggu lagi... udah ada yg iniin... tahu diri kl kata maudy ayunda,post,,,0,
https://www.threads.com/@justselvy12/post/DdTb_b4gYdY,Threads,justselvy12,,"9/15/2026, 9:55:17 AM","Dah gakusah di framing LG seolah2 netijen sumbu pendek, bodoh, dan suka ngehujat.
Aku fans Maudy Ayunda,suka aja dan berharap anakku bisa kek beliau ,muda,sukses, cantik dan pintar Maa syaa Allah.
Tapi untuk kasus ini memang ada salahnya jg si Maudy, berbanding terbalik vlog beliau dgn keadaan kita skrg, ga masuk logika, netijen skrg pinter2 tau, kritis2, bedanya pada ga dpt beasiswa keluar negri aja..JD kalo ga dipancing netijen kita jg ga ngamok kok ,ada asap pasti ada api dong🙏",post,,,0,
https://www.threads.com/@mayameysha0901/post/DdTb9GpkzgQ,Threads,mayameysha0901,,"9/15/2026, 9:54:58 AM",Sampe gw ulang2 ini bner Maudy ayunda yg ngomong? Ati2 aja gak di pake lagi JD artis mau,post,,,0,
https://www.threads.com/@annstwr/post/DdTb8UJk9On,Threads,annstwr,,"9/15/2026, 9:54:52 AM","YT Maudy Ayunda tentu aja masuk banget sama core audience-nya (educated, upper class, into self-development, dll) dan sepertinya kurang cocok kalo buat seluruh Indonesia. Pas nonton yaa oke aja, no hate. Tp dia artis cuyy. 

Udah jadi public figure sebesar Maudy, wajar aja sih kalo publik berharap konten influence-nya bisa ikut membuka jalan untuk suara-suara yang selama ini sulit didengar. Bukan konten tips gimana supaya ga overwhelmed utk orang sekelas dia.",post,,,0,
https://www.threads.com/@teafunew/post/DdTb55BicJS,Threads,teafunew,,"9/15/2026, 9:54:32 AM","DEAR MAUDY AYUNDA, nih menurut lo aja. Timeline gue isinya pemerintah plenger begini. Gue klik not interested pun akan selalu muncul karena emang udah se goblok itu pemerintah kita. Teori let them dan let me udah gabisa dipake karena mereka harusnya bisa melakukan sesuatu, dan elo sebagai influencer yg punya power bisa melakukan itu.",post,,,0,
https://www.threads.com/@mhrniwlnagstn/post/DdTbs2Qn8RG,Threads,mhrniwlnagstn,,"9/15/2026, 9:52:45 AM","kak, elu kenapa ? elu bener lagi kak gue gak seberuntung Maudy Ayunda. Justru karena dia penuh keberuntungan bahkan sekolahnya sampe s2 diluar negeri ternama dan terbaik harusnya dia tau diri. dah gitu aja capek kerja gue gini gini aja gak bisa sekaya maudy",post,,,0,
https://www.threads.com/@vladsyarif/post/DdTbh21GCgy,Threads,vladsyarif,,"9/15/2026, 9:51:15 AM","Lulusan Oxford, otaknya kemplud. 

Maudy Ayunda.",post,,,0,
https://www.threads.com/@autofollower12345/post/DdTbblNj9es,Threads,autofollower12345,,"9/15/2026, 9:50:23 AM","Saya kurang setuju dengan konten maudy ayunda, tapi saya juga tidak setuju dengan pendapat anda, LPDP untuk semua kalangan,  baik kalangan atas menengah bawah bebas mendaftar, sekalipun org kaya tidak mendaftar lpdp jika orang miskinnya tidak layak ya bakal tidak lulus juga lpdpnya, bukan berarti kalau org kaya lulus dia makan kuota orang miskin yang tidak lulus.. Betulkan dulu pemahaman anda baru kritik proses rekrutmen lpdpnya..",post,,,0,
https://www.threads.com/@denkmitmir/post/DdTbSrsI81w,Threads,denkmitmir,,"9/15/2026, 9:49:11 AM","Itu yang ngebully Maudy beneran mau membela kebenaran dan berjuang untuk bangsa.. atau sebenarnya cuma mau menyalurkan kemarahannya/bullyingnya aja? Coba deh refleksi yuk. 

Yang marah sepertinya emang beneran butuh mindfulness karena ga paham inti video sebenernya. Ada ajakan kah untuk ga peduli?",post,,,0,
https://www.threads.com/@fadilla.alhamid/post/DdTbBajEnpx,Threads,fadilla.alhamid,,"9/15/2026, 9:46:49 AM","Pesan martabak telor
Saya mau martabak telur  yg ""maudy Ayunda bang""",post,,,0,
https://www.threads.com/@selulartech/post/DdTa_KNk6iD,Threads,selulartech,,"9/15/2026, 9:46:31 AM","Maudy Ayunda dianggap tone deaf setelah konten mindfulness-nya dinilai terlalu jauh dari realitas banyak orang. Persoalannya, citra pintar, aspiratif, dan reflektif itu selama bertahun-tahun juga dipakai banyak brand untuk menjual produk dan nilai mereka. Dari Coolpad, vivo, Intel, XL hingga beauty dan lifestyle. Kontroversi ini membuat kecocokan citranya layak dievaluasi.

#MaudyAyunda #BrandAmbassador #BrandReputation #tonedeaf",post,,,0,
https://www.threads.com/@rizzmo03/post/DdTa5mzGhf-,Threads,rizzmo03,,"9/15/2026, 9:45:45 AM",Top Tier Tone Deaf no 1 di indonesia dipegang Maudy Ayunda.,post,,,0,
https://www.threads.com/@nayakumba/post/DdTayZImB67,Threads,nayakumba,,"9/15/2026, 9:44:46 AM","Maudy ayunda terlalu pintar dan banyak prestasi mungkin jadi dia terlalu fokus buat pencapaian dirinya sendiri jadi kurang peka dg lingkungan sekitar, padahal dia pernah jadi jubir pemerintah untuk presiden loh,,",post,,,0,
https://www.threads.com/@diessihombing/post/DdTaQ_4EupE,Threads,diessihombing,,"9/15/2026, 9:40:12 AM","@naeshaah ni mba dibaca buat tambah literasi😂 . Klo kamu yg buat konten mindfulness ini kami bisa maklum tp seorang maudy ayunda? Influencer 18jt followes, beasiswa lpdp, kuliahnya ambil filosofi, politic, ekonomi bahkan s2 pendidikan, wah ga habis pikirlah kontennya stupid gitu",post,,,0,
https://www.threads.com/@erizka.nuzulah/post/DdTaKvrE_19,Threads,erizka.nuzulah,,"9/15/2026, 9:39:21 AM","beda sih kak, dengan kapasitas maudy ayunda yg kemungkinan bisa didengar, dia bisa aja bantu. aku sih baca tulisan kaka gini ""gak mau pusinglah,kan bukan urusanku"". kalo kaka bersuara mungkin susah didengarkan orang banyak, sedangkan maudy dengan privilege besar memilih untuk ""tenang"".",post,,,0,
https://www.threads.com/@oneday_thedreamwillcome/post/DdTaDLBFD9e,Threads,oneday_thedreamwillcome,,"9/15/2026, 9:38:19 AM",GUE MAKIN YAKIN INI SEMUA SUDAH DISETTING ANJER. WKWKKWKWKW... KASIAN BET DAH MAUDY AYUNDA JADI KORBAN PENGALIHAN ISU. RAKYAT INDO JUGA KASIAN JADI KORBAN ALGORITMA,post,,,0,
https://www.threads.com/@rahmifitrah/post/DdTZi3KgRmh,Threads,rahmifitrah,,"9/15/2026, 9:33:54 AM","Udah muak banget sama berita tentang Maudy ayunda…. Udah gue hide juga namanya, namanya gak nongol, yg nongol fotonya, utas tentang cerita dia… hilihhh…",post,,,0,
https://www.threads.com/@ryusitomorang/post/DdTZcKFElt1,Threads,ryusitomorang,,"9/15/2026, 9:33:00 AM","Fans maudy ayunda tuh, samaan tone def nya",post,,,0,
https://www.threads.com/@srimulyani_sr/post/DdTZPoYEt6A,Threads,srimulyani_sr,,"9/15/2026, 9:31:17 AM",maudy ayunda napa gess ?,post,,,0,
https://www.threads.com/@yurcukucuk/post/DdTZIUMiUh2,Threads,yurcukucuk,,"9/15/2026, 9:30:17 AM",hahahaha seorang maudy ayunda yg punya image bagus di sebagian masyarakat ternyata pake buzzer,post,,,0,
https://www.threads.com/@ewien.rockesh/post/DdTjjsQkgmd,Threads,ewien.rockesh,,"9/15/2026, 11:01:24 AM",Maudy Ayunda..?? Mauuu..,post,,,0,
https://www.threads.com/@ibnvakbar/post/DdTY_FZFyyW,Threads,ibnvakbar,,"9/15/2026, 9:29:01 AM","Salahnya Maudy Ayunda karena dia ngomong nya pake inggris, coba dia pake b.indo sambil masak indomie yakin ga bakal ada yg marah",post,,,0,
https://www.threads.com/@novifitriasari/post/DdTYa54lFhC,Threads,novifitriasari,,"9/15/2026, 9:24:05 AM","Yang namanya maudy ayunda, sekali2 dijak tandur sawah ning ndeso paling pencil jal.. Sampe dapet duit dr situ, buat beli beras perutnya sendiri",post,,,0,
https://www.threads.com/@ulabamba/post/DdTYTn9HX0y,Threads,ulabamba,,"9/15/2026, 9:23:05 AM",kalian stoik ala maudy ayunda atau stoik ala ferry irwandi?,post,,,0,
https://www.threads.com/@wahyuadipams/post/DdTYQ6GiTMa,Threads,wahyuadipams,,"9/15/2026, 9:22:43 AM","Maudy ayunda kalau mindfullnes coba dengerin @tbiq15 ft @laze92_  yang judulnya Veteran yang liriknya 
""Nawarin diri sana sini, cari kerja udah kayak pecun
Giliran susah baru inget Tuhan, langsung sujud minta ampun
Astaghfirullah! Kok susah banget cari kerja?!
Tenang aja kalo ga kerja bisa cari beasiswa
OK, mari semuanya langsung daftar L***
Jalan-jalan ke luar negeri tapi cuma bayar DP
Gelar master anda itu sudah basi """,post,,,0,
https://www.threads.com/@endah_purwaning24/post/DdTYPhLCY5l,Threads,endah_purwaning24,,"9/15/2026, 9:22:32 AM",Bang martabak telornya Maudy Ayunda ya ( oh telor 3 ),post,,,0,
https://www.threads.com/@leroseblu_/post/DdTYHFKgSoT,Threads,leroseblu_,,"9/15/2026, 9:21:23 AM","Semoga baik2 sj kak..
Semoga beritanya gak nyampe di  Maudy Ayunda, ntar dibilang bad news",post,,,0,
https://www.threads.com/@ana.firlys/post/DdTYHLHEz0O,Threads,ana.firlys,,"9/15/2026, 9:21:23 AM","terimakasih sudah diwakilkan kak, tolong buzzer atau fans dungunya maudy ayunda sini speakup😋",post,,,0,
https://www.threads.com/@sarahaprilyy/post/DdTXz0KEnPR,Threads,sarahaprilyy,,"9/15/2026, 9:18:45 AM","orang kalimantan yang keadaannya sekarang sering mati listrik, kabut asap makin tebal dan pekat, krisis air eh disaranin mindfulness sama maudy ayunda😭",post,,,0,
https://www.threads.com/@tajdidahfikry/post/DdTXsqZH5yI,Threads,tajdidahfikry,,"9/15/2026, 9:17:46 AM",Baru tau kalau Prabowo berguru mindfulness sama Maudy Ayunda. Bangga banget pasti liat muridnya sangat berhasil nerapin ilmunya,post,,,0,
https://www.threads.com/@universitas_blandongan/post/DdTjhink9Pr,Threads,universitas_blandongan,,"9/15/2026, 11:01:07 AM","Meluruskan sekali lagi:

❌ Maudy Ayunda bukan mahasiswa Universitas Blandongan.
❌ Universitas Blandongan tidak menganut istilah “mindfulness”.👇

Spirit kami jelas: selaras dan total dalam berpikir, bersikap, dan berkarya.
Pendekatan “mindfulness” yang sedang viral tidak sejalan dengan nilai dasar Universitas Blandongan.
Mohon informasi ini dipahami dengan benar dan tidak dikaitkan dengan identitas kampus kami.
#UniversitasBlandongan 
#Klarifikasi #maudyayunda #mindfulness #BukanMindfulness",post,,,0,
https://www.threads.com/@interrsectionalitea/post/DdTXXIBgVBB,Threads,interrsectionalitea,,"9/15/2026, 9:14:50 AM","Komen2 pembela maudy yg saklek ini perlu tau media2 aktivis yg akhirnya speak up soal isu ini, padahal males bgt rasanya perkara seleb.",post,,,0,
https://www.threads.com/@ocyyputri/post/DdTXKkvkx98,Threads,ocyyputri,,"9/15/2026, 9:13:07 AM",Itu si maudy ayunda dah ditandain netijen dari dulu. Pekara tone deaf. Ehh dia malah nyalain api.,post,,,0,
https://www.threads.com/@ka.amil/post/DdTW8pHE2hK,Threads,ka.amil,,"9/15/2026, 9:11:13 AM","Perasaan  maudy ayunda sering post di storynya dah, lu aja kali gapernah liat",post,,,0,
https://www.threads.com/@interrsectionalitea/post/DdTW0ikAWHR,Threads,interrsectionalitea,,"9/15/2026, 9:10:06 AM",Perspektif perempuan-perempuan hebat yang disebut IBU,post,,,0,
https://www.threads.com/@lemaripopuri/post/DdTWyE_lA-3,Threads,lemaripopuri,,"9/15/2026, 9:09:46 AM",Ternyata Maudy Ayunda ga se wow itu ya. Gak pinter-pinter amat.,post,,,0,
https://www.threads.com/@by_topppp/post/DdTWvU6E7Aw,Threads,by_topppp,,"9/15/2026, 9:09:24 AM","Utas yg sangat mewakilkan perasaan saat ini, lega akhirnya bisa kejawab kenapa seorang Maudy Ayunda dihujat spt sekarang. Utasnya udah mewakili. Semoga aja dibaca juga sama org2 spr Maudy 👍🙏",post,,,0,
https://www.threads.com/@ria.ria357/post/DdTWvMvkkBy,Threads,ria.ria357,,"9/15/2026, 9:09:23 AM",Berharap thread ini sampe ke Maudy Ayunda,post,,,0,
https://www.threads.com/@ditditditaaaaa/post/DdTWd_2D014,Threads,ditditditaaaaa,,"9/15/2026, 9:07:02 AM",Maudy Ayunda lagi “let them”.,post,,,0,
https://www.threads.com/@ulaskilat62/post/DdTWZ2HEiTv,Threads,ulaskilat62,,"9/15/2026, 9:06:30 AM",Maudy Ayunda bagikan tips hadapi bad news. #maudyayunda #mindfulness #podcast #talk,post,,,0,
https://www.threads.com/@radarpekalonganofficial/post/DdTWYv9Em3K,Threads,radarpekalonganofficial,,"9/15/2026, 9:06:22 AM","Maudy Ayunda Dikritik “Tone Deaf” Gegara Bahas Cara Hadapi Berita Buruk
#fyp #maudyayunda #mindfulness #tonedeaf #viral",post,,,0,
https://www.threads.com/@norzten/post/DdTWXwbGjNR,Threads,norzten,,"9/15/2026, 9:06:11 AM","Reaksi gw ketika diajarin mindfulness sama orang yg mesen ""Boiled Vegetables with Peanut Sauces"" 200 ribu daripada ""Gado-Gado"" 15 ribu.",post,,,0,
https://www.threads.com/@hiduplin/post/DdTWNlqk0S2,Threads,hiduplin,,"9/15/2026, 9:04:47 AM","yang belum paham ada apa dengan maudy ayunda sini gue jelasin..

dia blunder, kaya tone deaf gitu sama berita lingkungan yg sekarang, contoh nya aja Karhutla, Erupsi Gunung. dan dia bikin video yt judul nya Mindfullness kalo ga salah, kaya video nya nih ngajak ""gausah peduli sama berita sekarang, biar ga stress"" egois yakan? ga fair, dia aja kuliah pake LPDP alias UANG RAKYAT INDONESIA!",post,,,0,
https://www.threads.com/@zaralizara/post/DdTWHfTkoLB,Threads,zaralizara,,"9/15/2026, 9:03:57 AM",Maudy Ayunda menukar mandai,post,,,0,
https://www.threads.com/@sekolahsahamgratis/post/DdTWBDwk90i,Threads,sekolahsahamgratis,,"9/15/2026, 9:03:05 AM",Temen2 @infobmkg minta tolong banget ini kalo terjadi megathrust tuh evakuasi kemana untuk orang2 yang berpotensi terdampak. Kasih tau ke rt/rw biar mereka biar mereka bisa koordinasikan ke warganya sehingga kita semua tanggap bencana dan jumlah korban bisa diminimalisir. Kalo lu pada mau ngehina maudy ayunda dengan pernyataannya bodo amat dah tapi ini lebih urgent,post,,,0,
https://www.threads.com/@fentyngs/post/DdTV8EzEnBq,Threads,fentyngs,,"9/15/2026, 9:02:24 AM",Banyak juga ya first thread langsung isinya bela Maudy Ayunda.. kata akumah santai aja MA hadapin kritik netijen😌,post,,,0,
https://www.threads.com/@ruli.akbr/post/DdTV0pnGhvo,Threads,ruli.akbr,,"9/15/2026, 9:01:23 AM","Anak anak ahensi, coba spill ahensi mana yang handle project buzzer Maudy Ayunda 🤣",post,,,0,
https://www.threads.com/@wntr.aespaah/post/DdTVy9eDywp,Threads,wntr.aespaah,,"9/15/2026, 9:01:09 AM","Gw sedih harus boikot seleb favorit
Jennie - unsur satanic di fallen angel
Ed sheeran - apolitical side masalah palestine
Maudy Ayunda - tone deaf in the age of bad news",post,,,0,
https://www.threads.com/@interrsectionalitea/post/DdTVsebAcb3,Threads,interrsectionalitea,,"9/15/2026, 9:00:16 AM","https://magdalene.co/story/kemewahan-untuk-tenang-mindfulness-berita-buruk/

Sebuah artikel oleh media pegiat isu gender 💪🏼💪🏼💪🏼",post,,,0,
https://www.threads.com/@damnet.al/post/DdTVl3hgXZd,Threads,damnet.al,,"9/15/2026, 8:59:22 AM",hal paling mindfullness untuk orang yang berada di posisi seperti aku adalah tahu diri deep bgtt kak:),post,,,0,
https://www.threads.com/@aprilorangeee/post/DdTjstkGUS2,Threads,aprilorangeee,,"9/15/2026, 11:02:38 AM","Paham sama apa yang disampaikan Maudy di videonya, dan paham juga sama kenapa rakyat ini marah atas video itu. Tapi cara orang-orang ini udah bukan kritik atau memberikan saran, melainkan membully, mengkuliti habis-habisan kek emang kalau udah begitu bisa puas ya? Katanya mau mengkritik, ya yang masuk akal dong, jangan keluar dari inti masalah. Kan dia pintar jadi sekali dikasi tau dikasi  saran, rasanya udah cukup tanpa harus membully dan menjelekkan fisiknya.",post,,,0,
https://www.threads.com/@its_melouisa/post/DdTVlJVET7O,Threads,its_melouisa,,"9/15/2026, 8:59:16 AM","Kecurigaan gw bahwa pembela Maudy Ayunda adalah pendukung Prabowo, terjawab sudah di sini 😂😄",post,,,0,
https://www.threads.com/@aprilleaah_/post/DdTVav-lDMt,Threads,aprilleaah_,,"9/15/2026, 8:57:51 AM",Ga expect seorang MAUDY AYUNDA  jadi bahan hujatan 🙃🙃,post,,,0,
https://www.threads.com/@sockupeace/post/DdTVGXCDwLb,Threads,sockupeace,,"9/15/2026, 8:55:04 AM",Mindfullness-mindfullness  tai palat Maudy Ayunda ai,post,,,0,
https://www.threads.com/@veroniccindy/post/DdTVFzoj8iW,Threads,veroniccindy,,"9/15/2026, 8:54:59 AM",Fix lah maudy ayunda itu,post,,,0,
https://www.threads.com/@teni_muhou/post/DdTVFO-k-pL,Threads,teni_muhou,,"9/15/2026, 8:54:55 AM","Serius nanya kalian yang hujat maudy ayunda tuh kalian ngerti gak sih...

Kebanyakan nanya lu HRD 🗿",post,,,0,
https://www.threads.com/@heuraola/post/DdTjtT0FJ0D,Threads,heuraola,,"9/15/2026, 11:02:43 AM","Kalo kritik Maudy Ayunda sesuai yang lagi terjadi masih wajar ya. Tapi kalo share foto tempelan dan gak langsung kasih keterangan namanya jahat. Liat komen lu yg dihighligt org2 ""Maudy rasis"". Lu parah sih",post,,,0,
https://www.threads.com/@gembelclassy/post/DdTjvAnicp_,Threads,gembelclassy,,"9/15/2026, 11:02:57 AM",Sekolah tinggi-tinggi tuh belum menjamin orang bisa berpikir waras secara aktual. Lihat tuh si MA!!!,post,,,0,
https://www.threads.com/@amadeaf_/post/DdTVBksGDRb,Threads,amadeaf_,,"9/15/2026, 8:54:25 AM","Personally, gue nggak merasa perlu berada di “level” Maudy Ayunda untuk punya cara berpikir, nilai, dan jalan hidup yang valid. Gue punya sepatu gue sendiri untuk dipakai, dan gue tahu jalan gue sendiri untuk ditempuh. We don’t all have to aspire to the same level, because we don’t all define a meaningful life in the same way.

Your level is yours. My path is mine. We don’t need to be on the same floor to know where we’re going.",post,,,0,
https://www.threads.com/@naa.shell/post/DdTU6yTj206,Threads,naa.shell,,"9/15/2026, 8:53:29 AM","Maudy Ayunda dia org mampu tapi masih mau menggunakan beasiswa pemerintah aja itu sudah keliatan karakter gda empati sesama org yg lebih membutuhkan, jdi wajar aja kalo dia apatis terhadap keadaan negara saat ini. Jadi jangan berharapan apapun ke orang pinter modelan maudy ayunda, yg tidak tau cara nya berterimakasih kepada masyarakat indonesia huft.",post,,,0,
https://www.threads.com/@cikikecilll/post/DdTU1onGjVP,Threads,cikikecilll,,"9/15/2026, 8:52:47 AM",Menurutku emang mungkin gaada yang salah sama isi kontennya Maudy Ayunda. Tp yang jadi salah itu dia bikin konten kayak gitu dimomen yang kayak gini. Jadi memang terkesan nirempati di tengah banyaknya musibah yang terjadi.,post,,,0,
https://www.threads.com/@itsrizcahardianti/post/DdTTcC0gSYX,Threads,itsrizcahardianti,,"9/15/2026, 8:40:33 AM","Lagi banyak banget yang post soal Maudy Ayunda dan kontennya yang cukup kontroversial. Tapi justru gue membayangkan dia lagi avoid ini semua dengan stop membuka socmed, karena komentar dan opini orang-orang membuat dia overwhelmed. 😂😅",post,,,0,
https://www.threads.com/@dsuiatna/post/DdTSkoiEpuc,Threads,dsuiatna,,"9/15/2026, 8:32:59 AM","Kita juga pengen bikin good news, tapi fakta di lapangan banyaknya bad news, kalo Maudy Ayunda aja muak, apalagi kami, terlebih, apalagi korban. Yah, lekas membaik Indonesia 🥀🙏",post,,,0,
https://www.threads.com/@mrs_affiz/post/DdTUs4gmJT_,Threads,mrs_affiz,,"9/15/2026, 8:51:35 AM","- Maudy Ayunda : Mindfulness
- Gubenur Bengkulu : solat tobat 
- Ketua BGN : Keracunan MBG hanya dibesar-besarkan di medsos

Ada lagi yang mau menambahkan??",post,,,0,
https://www.threads.com/@uyatbuyuuu/post/DdTUhjjkTO5,Threads,uyatbuyuuu,,"9/15/2026, 8:50:02 AM",Maudy ayunda matanya picek apa ya,post,,,0,
https://www.threads.com/@rozikinachmad/post/DdTUMi0Gq-3,Threads,rozikinachmad,,"9/15/2026, 8:47:10 AM",Lebih rame berita Maudy Ayunda blunder 🙏🏼,post,,,0,
https://www.threads.com/@shinta.rs/post/DdTUEvIn24t,Threads,shinta.rs,,"9/15/2026, 8:46:06 AM","Kalo bahas tentang casenya Maudy Ayunda jadi inget kata Pramoedya Ananta Toer ""apalah arti gelar pendidikan berlapis jika nyali di depan kekuasaan tipis!""",post,,,0,
https://www.threads.com/@andrisamsu/post/DdTUEkyEuqk,Threads,andrisamsu,,"9/15/2026, 8:46:05 AM",Lebih pintarka kurasa daripada Maudy Ayunda,post,,,0,
https://www.threads.com/@zulmabuton/post/DdTUERpI2yR,Threads,zulmabuton,,"9/15/2026, 8:46:02 AM","Dari muncul produk From This Island entah kenapa saya tidak tertarik padahal saya sangat mampu beli masih setia gunakan produk Paragon, Viva, herborist,Mustika Ratu , juga Safi. 
Ternyata Maudy Ayunda tidak punya empaty 😌",post,,,0,
https://www.threads.com/@ariannoah_/post/DdTUCLFIN2a,Threads,ariannoah_,,"9/15/2026, 8:45:45 AM","Nitip warga ya, lg emosi ke Maudy Ayunda itu 😌",post,,,0,
https://www.threads.com/@honeybabbyy777/post/DdTTk__nw-9,Threads,honeybabbyy777,,"9/15/2026, 8:41:46 AM","Unpopular opinion : 
Mau sherina / maudy ayunda, kea udah gapercaya lagi sama public figure, dibenakku mereka kebagi 2 kubu, antara tone deaf atau gak ya performatif 😭🙏🏻 salah gak sih aku mikir gini?? 🥹",post,,,0,
https://www.threads.com/@ganeshazaki/post/DdTTXI_CRWV,Threads,ganeshazaki,,"9/15/2026, 8:39:53 AM","Maudy Ayunda kalo tinggal di Palangkaraya gak bisa mindfull

Jadinya mindfreak",post,,,0,
https://www.threads.com/@isi.apa.aja.boleh/post/DdTS_p-kxnc,Threads,isi.apa.aja.boleh,,"9/15/2026, 8:38:19 AM","Sebelum Kak Maudy Ayunda mengenalkan mindfulness yang dicap tone deaf sama kawan² netizen, sudah ada seorang pengelana yang  melintasi beribu kilometer jalanan filosofis hingga mencapai maqam mahaguru filsufness yang bersabda :
""Ngapain mikir? Gak mikir gak pusing.""",post,,,0,
https://www.threads.com/@oneday_thedreamwillcome/post/DdTTLE3lN9z,Threads,oneday_thedreamwillcome,,"9/15/2026, 8:38:14 AM",Daaannn biasanya kalau ada reshuffle menteri netizen sibuk mencari tahu alasan dll. Tapi sampe sekarang masih Maudy ayunda yang dikulik2 teross hmmmm.. curiga bgt,post,,,0,
https://www.threads.com/@nia_aryawati/post/DdTTI92Dytu,Threads,nia_aryawati,,"9/15/2026, 8:37:57 AM","Setuju, aku dulu gak itu nge-fans sm Cinta krn kok ke-bule2an gitu pdhal emang setengah bule yaa😆, tp setelah baca statement2 dan action real dia, kupikir oke-lah ini anak: cantik, smart, peduli. Nah yg dulu kupikir ada di sosok Maudy Ayunda, ternyata 😅",post,,,0,
https://www.threads.com/@meta.ai/post/DdTU-f2AHtk,Threads,meta.ai,,"9/15/2026, 8:53:59 AM","Ini rame gara-gara video YouTube Maudy Ayunda judulnya Mindfulness in the Age of Bad News yang upload 21 Agustus 2026 tapi baru viral 14 September.

Di video dia curhat lelah dibombardir bad news dan bahas pentingnya jaga kesehatan mental, tapi netizen anggap tone deaf karena kesannya ngajak menjauh dari berita, padahal banyak orang gak punya privilege itu.

Makanya postingan @sofiacitrad itu belain Maudy dan bilang yang ngebully cara pikirnya masih binary.

Maudy akhirnya minta maaf 13 September di kolom komentar, bilang ""being able to step away from the news is itself a privilege"" dan mindfulness bukan alasan buat acuh.",post,,,0,