url,platform,account_name,date_posted,description,content_type,likes,replies,reshare,repost
https://www.threads.com/@kahfeveryday.my/post/Dd_PxUADHRv,threads,kahfeveryday.my,2026-10-02 17:15:05,"Some scents enter the room. Ambremusc stays closer.

Clean, warm, and skin-like, with a soft musky trail that feels effortless against leather, late nights, and everything in between.

Quiet enough to feel personal. Distinct enough to stay remembered.

#KahfMY #JalanYangKupilih",POST,16,12,1,0
https://www.threads.com/@alifsatar/post/DeEqim6gQNP,threads,alifsatar,2026-10-04 19:45:12,"Apa yang best sangat tengok race dari Paddock?…

Check this out🏎️🇧🇭🇲🇾 mana tau next race korang nak try experience dari sini plak!",POST,1084,103,78,49
https://www.threads.com/@watsonsmy/post/DeI2M5kCXbt,threads,watsonsmy,2026-10-06 10:44:04,Macam mana korang tackle kulit kering & dehydrated?,POST,4628,710,66,61
https://www.threads.com/@jefrinichol/post/DeJhtEplNeL,threads,jefrinichol,2026-10-06 17:04:12,"perusahaan mana aja jadinya yang ditetapin sebagai tersangka pembakaran hutan?? rakyat disiksa kaya gini macem nazi ni rezim mau ngasepin orang sampe mati, ini ngadu ke siapa dah kalo yang ngebiarin juga orang orang di pemerintah. capek banget gua liatnya tiap hari ada aja korban dari kelalaian pemerintah bikin keputusan bodoh kontol anjiiiing, harus ada yang tanggung jawab @rajaantoni @bahlillahadalia KALO GA ADA YANG DIADILIN, PEMERINTAH YANG HARUS DIADILIN",POST,10296,844,193,1613
https://www.threads.com/@ayampangang01/post/DeKGIeSGkzE,threads,ayampangang01,2026-10-06 22:22:31,"congratulations Indonesia! Btw korang mmng terbaik main match tadi👏🏻 Bangga tengok wakil serumpun menang.Semoga negara korang semakin maju jaya salam dari malaysia,Spread love selalu!🇮🇩🇲🇾",POST,985,142,2,21
https://www.threads.com/@aliffkhir/post/DeKIQwoj3_X,threads,aliffkhir,2026-10-06 22:41:07,mana posting ek? tanya jeeeee,POST,17,3,0,3
https://www.threads.com/@ariffariffinn/post/DeKLmW1EzwH,threads,ariffariffinn,2026-10-06 23:10:17,Kita boikot habis habisan brand kahf ni,POST,21705,1407,1121,1296
https://www.threads.com/@adldinda_/post/DeKMszRE4Zo,threads,adldinda_,2026-10-06 23:19:54,"Inilah alasan kenapa gua suka cerewet kalo admin asbun gak pake mikir, apalagi expand ke negara orang yang buying powernya kenceng. Contohnya begini. Salah langkahnya SALAH banget inimah. Good luck ya anak sosmed Kahf 🙏🏻",POST,1841,337,146,142
https://www.threads.com/@kahfeveryday/post/DeKWiFpE_9K,threads,kahfeveryday,2026-10-07 00:45:49,"At Kahf, respect is at the heart of our values, and we recently fell short.
 
A post published on our account was unacceptable. It did not reflect our values and the respect we stand for as a brand. 
 
The bond between Malaysian and Indonesian communities has always been rooted in brotherhood and respect. We are committed to upholding the same respect across all countries and cultures. We take full responsibility for falling short of that commitment",POST,4524,16480,3812,577
https://www.threads.com/@bro260626/post/DeKYte3k_iD,threads,bro260626,2026-10-07 01:04:51,Wah seriously rakyat Malaysia nak boikot Kahf ni? Agak agak banyak tak keuntungan jualan daripada Malaysia sebenarnya?,POST,501,100,3,20
https://www.threads.com/@_zrhjkt_/post/DeKfbrwk9No,threads,_zrhjkt_,2026-10-07 02:03:35,"Jangan main dengan boikot orang Malaysia. 
Big brand pun banyak lingkup sebab boikot!",POST,27585,5870,4046,5278
https://www.threads.com/@_azmikhael_/post/DeKwdkIkpqP,threads,_azmikhael_,2026-10-07 04:32:23,"Duit kita, pilihan kita.
Kahf dah tunjuk belang, kita tunjuk kuasa boikot.
Simple. Jangan beli. Jangan promo. Jangan support.

@guardianmy @watsonsmy please remove this f**k brand immediately !!
#BoikotKahf ⛔️ 👎🏻 @kahfeveryday",POST,3043,1134,437,744
https://www.threads.com/@soestory/post/DeKyYSTE8Ar,threads,soestory,2026-10-07 04:49:09,"Muslimah to Muslimah

Apa surat Al Qur'an favorit kalian?

Aku surat Al Waqi'ah",POST,339,204,0,7
https://www.threads.com/@asmiedi87/post/DeKznKnk4XX,threads,asmiedi87,2026-10-07 04:59:55,@kahfeveryday.my @kahfeveryday  telah membuat posting menyinggung. Dan rakyat Indo sendiri mencabar kita untuk memboikot produk mereka! Ayuh rakyat Malaysia! Sahut cabaran mereka! Siapa beli pengkhianat Negara!,POST,449,524,12,126
https://www.threads.com/@introvertmilo/post/DeK0dyGkjDj,threads,introvertmilo,2026-10-07 05:07:22,"I have been a Kahf user, but when a brand mocks another country for no clear reason, driven simply by malicious sentiment, I will no longer support or use this brand. I’m throwing it away right now.",POST,2962,262,288,234
https://www.threads.com/@hazimwarisan/post/DeK1uoik-Rs,threads,hazimwarisan,2026-10-07 05:18:25,"🚨⚠️ BOIKOT KAHF ⚠️🚫❌‼️

Nak buat marketing atau apa-apa posting, fikir dulu kesannya. Bab negara dan bendera 🇲🇾 jangan dibuat main! 🚫⚠️

Buat salah, kemudian hanya keluarkan statement biasa minta maaf? Itu bukan cara profesional. ❌

PIC yang bertanggungjawab sepatutnya tampil secara terbuka, beri penjelasan dan mohon maaf melalui video/press conference. 🎥‼️

Silap boleh berlaku, tapi cara bertanggungjawab itu menunjukkan kelas sesebuah organisasi. 🚨",POST,361,103,70,229
https://www.threads.com/@leopard.7187435/post/DeK33h-AUBZ,threads,leopard.7187435,2026-10-07 05:37:06,"Ok boikot @kahfeveryday.my telah dilancarkan oleh rakyat Malaysia 🙂‍↔️
Aku bukan pengguna kahf, badlab tetap dihati.. agitewww",POST,660,395,128,133
https://www.threads.com/@ibnu.rasikh/post/DeK51uWk8Pm,threads,ibnu.rasikh,2026-10-07 05:54:20,"Kahf blunder parah ;))

Main main doi sama negara orang 

gaada kerjaan adminnya, sampai bikin post merendahkan negara tetangga.

Udah klarifikasi sih... cuman apa gunanya ;))

Kepo dengan next PR strategy dan marketing strategy kahf selanjutnya. 

Biasanya nih brand bagus PR & marketingnya, tapi let's see apakah bisa bangkit?",POST,2148,454,43,97
https://www.threads.com/@naimboyka/post/DeK8ySOgfnF,threads,naimboyka,2026-10-07 06:20:05,"Fun fact, Petronas pernah buka Stesen Petronas di Indonesia tapi dah ditutup sebab sales slow dan local lebih memilih Pertamina.

7 Eleven pernah buka cawangan di sana tetapi tutup sebab mereka lebih memilih Indomaret dan Alfamart.

Kini tiba masa kita untuk jadi Nationalist. Pilih produk buatan Malaysia 🇲🇾 . Bye bye KAHF.",POST,15081,881,158,2278
https://www.threads.com/@shah_ashraf_daniel/post/DeK926_k-Xa,threads,shah_ashraf_daniel,2026-10-07 06:29:27,"Team x pernah beli & pakai kahf, kumpul sini. 💁🏻‍♂️",POST,2655,226,4,90
https://www.threads.com/@mr_latte_lover/post/DeK-t-3ko_f,threads,mr_latte_lover,2026-10-07 06:39:39,Kahf into the bin….🗑️🚮 #kahf,POST,3523,205,28,249
https://www.threads.com/@financialfaiz/post/DeK_3roH2im,threads,financialfaiz,2026-10-07 06:47:02,"Korang ada nampak post ni dari brand perfume seberang tu kan?

I'm quite curious, kenapa dia lump Australia together with the rest of us?

Australia is about as Western as it gets, which is historically and culturally associated with Europe, despite its geographical location. It is neither geographically part of Southeast Asia nor a member of ASEAN

On top of that, Brunei and Cambodia tak ada dalam gambar ni 😐

How do Indonesians generally see their place in the world?",POST,4518,377,123,502
https://www.threads.com/@fidzhamzah/post/DeLD-aVkzF5,threads,fidzhamzah,2026-10-07 07:22:54,"Kahf memang sengaja cari pasal ye. Bertahun naikkan brand dorang kat  Malaysia tak pasal-pasal kena boikot sebab buat posting bodoh. Aku pun selama ni pakai je brand ko, but NO MORE!. Bye2 @kahfeveryday @kahfeveryday.my 👋🚫",POST,2420,449,178,617
https://www.threads.com/@theverraoktavianti/post/DeLEMAoE0OU,threads,theverraoktavianti,2026-10-07 07:24:45,"Kahf diboikot di Malaysia.

Kasus ini adalah contoh nyata ketika sebuah brand melupakan root value-nya karena euforia yang berlebihan. Kahf dikenal dengan nilai-nilai maskulinitas yang Islami, santun, rendah hati, dan menghormati sesama (respect). 

Narasi ""merendahkan negara lain"" di akun profesional sangat bertolak belakang dengan fondasi ini, menodai kepercayaan emosional yang telah dibangun bersama konsumen.",POST,3704,745,104,291
https://www.threads.com/@pinguinprop/post/DeLE22aE18D,threads,pinguinprop,2026-10-07 07:30:36,"Para brand manager, apa yg kalian lakukan kalo admin medsos kalian overlap kaya kejadian Khaf ini?",POST,133,67,5,1
https://www.threads.com/@hafezmy/post/DeLG9ZRD2h7,threads,hafezmy,2026-10-07 07:48:59,Kahf dijangka hilang 5-16 juta ringgit Sales potential dari Malaysia jika semua rakyat Malaysia boikot.,POST,11252,495,57,881
https://www.threads.com/@crimsonot/post/DeLHPS7mWtD,threads,crimsonot,2026-10-07 07:51:25,"Aku cukup sapot brand ni.
islamik, produk dia best, harga berpatutan n perfume dia pn tahan lama.
sekali nahhh, brand mcmni pn mentaliti SAMPAH!
KO naik pn sbb customer la, bongkak!",POST,2801,237,440,349
https://www.threads.com/@aahddnn/post/DeLI2HtlISj,threads,aahddnn,2026-10-07 08:05:27,"Geys, Buat kalian yang lagi punya event di Bandung dan sekitarnya, Kahf lagi open opportunity buat collab & support event 🤝🏻

Event kamu bisa berupa:
🏃‍♂️ Sports / Running / Padel
🎓 Campus / Student Event
🎮 Esports / Gaming
💈 Grooming / Barber
🎨 Community Event
🎤 Festival / Workshop
🔥 Atau event seru lainnya!

Support dari Kahf bisa dalam bentuk product support, goodies, activation, doorprize, sampai collaboration — tentunya disesuaikan dengan kebutuhan & konsep event.
Drop event kmu di reply/DM!📩",POST,30,42,23,0
https://www.threads.com/@faraaayien/post/DeLJ-iCCdaF,threads,faraaayien,2026-10-07 08:15:21,"Korang dah start boikot belum tu? Pakat2 SHARE  la takut ade yang tak tahu & terbeli pulak… 😎

MAKA KAMI 🇲🇾❤️",POST,295,16,278,256
https://www.threads.com/@afee.firdaus/post/DeLMHkhEmPk,threads,afee.firdaus,2026-10-07 08:34:03,"sorry, Kahf is cancelled. boikot",POST,313,38,0,18
https://www.threads.com/@izzue_poooony29/post/DeLOfwcCa3G,threads,izzue_poooony29,2026-10-07 08:54:50,Diorang boleh boikot Petronas disana kenapa tidak kita. Ayuh rakyat Malaysia boikot semua produk mereka. Jangan mengaku rakyat Malaysia kalau saat maruah negara diperlakukan begitu kamu berdiam.,POST,4577,623,9,500
https://www.threads.com/@stefanloboo/post/DeLPQgro6ju,threads,stefanloboo,2026-10-07 09:01:29,"kaenomalian thread 2 hari ini :
- Brand hapus tag collab
- Resto minta bikin konten tapi cuma diskon 50%
- Admin kahf blunder
Ckckckck",POST,16,7,3,1
https://www.threads.com/@ctaz_sz/post/DeLRVU4mk5I,threads,ctaz_sz,2026-10-07 09:19:37,"Indonesian cakap tak efek pun Malaysian boikot @kahfeveryday rakyat dia lagi ramai membeli.

BAIK!! FAHAM!!

Apalagi rakyat Malaysia sila sebarkan pesanan mereka ke FB ke tt ke X. Pada yg sedang guna habiskan stok jangan membazir sambil tu cari brand lokal yg sesuai

MAKA KAMI 🇲🇾",POST,2645,254,94,959
https://www.threads.com/@wndzyx2/post/DeLR9vFCSo6,threads,wndzyx2,2026-10-07 09:25:08,Plis in this ekonomi skincare apa yang ga banyak cincong tapi gonggg😭!!! Tolong kasih rekomendasiiin donggg,POST,5,23,1,1
https://www.threads.com/@elhassansan/post/DeLS5-ak_8z,threads,elhassansan,2026-10-07 09:33:22,"Penat2 je Kahf sponsor ramai artis kol punya pass Paddock Club, disebabkan 1 post habis kena boikot. tak balik modal. aku xnampak mcmna dorg nk Cutloss apa yang dah jadi ni. damage terukk",POST,3179,87,52,180
https://www.threads.com/@karipap_sardin110/post/DeLVOufE_Ux,threads,karipap_sardin110,2026-10-07 09:53:41,"Kahf: panic kena boikot
Badlab: panic dapat free marketing",POST,9269,106,61,573
https://www.threads.com/@kahfeveryday.my/post/DeLYd4ZCb0u,threads,kahfeveryday.my,2026-10-07 10:21:58,"Dengan rasa rendah diri dan penuh keikhlasan, kami ingin memohon maaf atas hantaran yang telah dimuat naik di akaun Threads @kahfeveryday semalam.

Kami faham ramai yang terkesan dan kecewa dengan hantaran tersebut. Hormat, prihatin dan persaudaraan adalah nilai yang kami pegang teguh di Kahf. Hantaran tersebut tidak mencerminkan nilai-nilai Kahf sama sekali. 

Kekhilafan yang terjadi merupakan pengajaran besar buat kami untuk lebih peka dan sensitif.",POST,2299,5280,804,188
https://www.threads.com/@noralanarosli0111/post/DeLYixNkyi8,threads,noralanarosli0111,2026-10-07 10:22:38,"Korang betul ke nak boikot? Tapi kat sana ada afgan, mahalini, rossa, fajar, dewa 19, wali band, bcl, ustazah osd, ustad abdul somad…best semua tuu 🥹",POST,59,24,0,0
https://www.threads.com/@amalfds/post/DeLaGIhEj7U,threads,amalfds,2026-10-07 10:36:12,"Kahf habis beratus ribu untuk marketing, bayar atlet dan influencer Malaysia untuk dapatkan kepercayaan pembeli.

Alif Satar, Haziq Hamzah, Johan Ghazali bukan lineup biasa biasa.

Tapi akhirnya jatuh akibat budak budak dalam team media sosial sendiri 😅

Yang pasti, apa kaitan Mobile Legends dengan skincare 🤣",POST,2539,187,44,174
https://www.threads.com/@drrashdanroslan/post/DeLfKHTGl2x,threads,drrashdanroslan,2026-10-07 11:20:26,"MAKA KAMI, RAKYAT MALAYSIA, BERIKRAR! 🇲🇾

Akan memboikot BOIKOT PRODUK KAHF dulu, kini dan selamanya.

Nyah kau dari pasaran Malaysia.",POST,271,44,1,52
https://www.threads.com/@penggunathreadsssss/post/DeLhu_-ExPq,threads,penggunathreadsssss,2026-10-07 11:42:56,"Eh kali ini gue akui @kahfeveryday emang ngambil langkah salah sih, ga profesional lu. Lagian dari dulu gue emang ga suka sama teknik marketing perusahaan Indonesia yang sok Gen Z dan sok akrab sama netizen. Ga usah lah desperate dapet engagement dengan cara sok asik gitu.

Tapi tetap aja, jauh sebelum Kahf bertingkah kan netizen Malaysia udah alay duluan ya mau boykot ini itu cuma gara-gara banter internet, itu tetap gue ketawain sih 😅",POST,5,6,0,0
https://www.threads.com/@azmhkm_/post/DeLjSOEmqlO,threads,azmhkm_,2026-10-07 11:56:29,"boikotttt terussss,pin pon still nak menganjing lagi betul betul tak sedar sedar fakahf",POST,821,71,68,238
https://www.threads.com/@ammarbun/post/DeLjVPAiah2,threads,ammarbun,2026-10-07 11:56:54,"Mintak maaf eh? Tengok admin tiktok pinned comment kat live tu. Samseng!
#boycottkahf",POST,2272,180,253,603
https://www.threads.com/@ammarmrza/post/DeLl3xZE2t7,threads,ammarmrza,2026-10-07 12:19:05,Damn guys I don’t think dorang actually genuinely minta maaf bcs wdym you guys pinned a comment on your live about the current issues after the apology statement?,POST,92,21,10,27
https://www.threads.com/@fadzlifaaizan/post/DeLmWwMk63Z,threads,fadzlifaaizan,2026-10-07 12:23:19,Ok aku pun nak baikot kahf memang x bole terima walau pun dah setahun aku penguna tegar @kahfeveryday.my,POST,0,1,0,0
https://www.threads.com/@zhiddinazizz/post/DeLnQA7Gfae,threads,zhiddinazizz,2026-10-07 12:31:08,"Dah minta maaf tapi masih macam ni?
Mencabar nampak.",POST,1632,170,83,399
https://www.threads.com/@mrizqynurtsani/post/DeLoHtHgZ8i,threads,mrizqynurtsani,2026-10-07 12:38:45,Dari KAHF kita  belajar....?,POST,0,0,0,0
https://www.threads.com/@wrnwmn/post/DeLoKopoE_E,threads,wrnwmn,2026-10-07 12:39:09,"see? bad lab kan ada,lagi maskulin lgi bau bad lab ni dri kahf bau warga asing",POST,0,0,0,0
https://www.threads.com/@azrinahisham/post/DeLoQuhCQyL,threads,azrinahisham,2026-10-07 12:39:58,No KAHF 🚫🚫,POST,0,0,0,0
https://www.threads.com/@unbotheredflowery/post/DeLoWMJkqwu,threads,unbotheredflowery,2026-10-07 12:40:43,"lol, aku gelak je baca orang indo cakap kalau kita boikot ni hasilnya ‘geli-geli’. Memang kahf tu takkan muflis, tapi imej dah buruk, nanti susah nak bawa masuk ke pasaran lain macam brunei dll sebab ada isu ni. Also, duit duit paragon bayar model tu burn lah.. siapa kata kuasa boikot ni rendah? Dalam business, rugi is rugi!",POST,7,0,0,1
https://www.threads.com/@somestruff/post/DeLoX4RE-8p,threads,somestruff,2026-10-07 12:40:57,itu kahf menurut gw blunder sih dan ga penting juga ngepost gituan,POST,0,0,0,0
https://www.threads.com/@gr8zl/post/DeLohVfgcXQ,threads,gr8zl,2026-10-07 12:42:14,"Tengah rancak isu kahf ni👀

boikot terusss",POST,2,0,0,0
https://www.threads.com/@teh_hijau.jpg/post/DeLohzhicYI,threads,teh_hijau.jpg,2026-10-07 12:42:18,"Chill la Kahf, Malaysia ni sekejap je, tengok Maggi, Milo, MCD, penuh dah 🤣",POST,3,1,0,0
https://www.threads.com/@eriiess_/post/DeLolq8mbAz,threads,eriiess_,2026-10-07 12:42:50,"ini dia kata minta maaf tu ? pin komen siap kat live , tukar jelah nama brand hengko tu ke fakahf",POST,7,21,0,0
https://www.threads.com/@_irfanrafidi/post/DeLou7coHyY,threads,_irfanrafidi,2026-10-07 12:44:06,"@alifsatar any comment on this?

Seriously selama ni ingatkan brand Kahf ni @alifsatar punya",POST,0,0,0,0
https://www.threads.com/@boy.yahanana/post/DeLot_UEyBJ,threads,boy.yahanana,2026-10-07 12:44:19,Pilihan di tangan anda rakyat Malaysia ✅,POST,80,17,5,17
https://www.threads.com/@nanaaaalogue/post/DeLowgmICE3,threads,nanaaaalogue,2026-10-07 12:44:19,My bros beli bad lab. Deme kata kahf busuk. Lepasni support bad lab je.,POST,1,0,0,0
https://www.threads.com/@tgh_bzzzzzz/post/DeLoxCSkmB9,threads,tgh_bzzzzzz,2026-10-07 12:44:23,"Aku tak pernah pakai beli malah memiliki.brand ni. Tapi demi negaraku aku support boikot brand ni.
Korang like bnyk2 korang repost bnyk² Komen dan share.
Belaja sesuatu? Sila komen",POST,5,57,0,2
https://www.threads.com/@mhmdikmals_/post/DeLoyXIE8TK,threads,mhmdikmals_,2026-10-07 12:44:34,terus melangKahf melupakanmu,POST,2,0,0,0
https://www.threads.com/@undilah_pas/post/DeLo5gsHXJR,threads,undilah_pas,2026-10-07 12:45:32,Rakyat Malaysia jangan lupa Indognesial pernah boikot Petronas dengan tak ada adab dan IQ rendah menghina sampai tutup. Pastikan boikot habis habisan @kahfeveryday @kahfeveryday.my! No more Indognesial product! Stop nak berbaik dgn negara Israel Asian ni.,POST,2,1,0,1
https://www.threads.com/@xclqerr/post/DeLo7kToP41,threads,xclqerr,2026-10-07 12:45:49,"i mean atleast i aint no pus i gave my personal view tho, plus i can play soc media since im 16+ 🤷",POST,0,5,0,0
https://www.threads.com/@frsk_89/post/DeLpHx5EbJg,threads,frsk_89,2026-10-07 12:47:29,50 keluarga Indonesia wadidaw bersama = 1 product Kahf 🥀🥀💀💀,POST,1,0,0,0
https://www.threads.com/@eqahkamal_/post/DeLpVZhkoXy,threads,eqahkamal_,2026-10-07 12:49:21,"bila kita dah bertanggungjawab untuk jaga nama salah satu brand, elakkan lah tunggang isu yang tengah panas sekarang ni. effectnya sakit tau nyah🤌🏻",POST,2,0,0,0
https://www.threads.com/@idhamidris/post/DeLpXvtn9iG,threads,idhamidris,2026-10-07 12:49:40,"Indonesia ada sekitar 286 juta penduduk. Malaysia pula sekitar 36 juta.

Tapi population size bukan ukuran berapa banyak setiap orang berbelanja.

Belanja pengguna per kapita (2025):
🇲🇾 Malaysia: ~US$8,089
🇮🇩 Indonesia: ~US$2,794

Hampir 3 kali ganda bezanya!

Indonesia mempunyai pasaran pengguna yang jauh lebih besar secara keseluruhan.

Tetapi bagi sesuatu brand, bukan sekadar berapa ramai potential customers, tetapi berapa banyak mereka mampu dan sanggup berbelanja.",POST,1,1,0,0
https://www.threads.com/@aimihariz/post/DeLpYOZmhJI,threads,aimihariz,2026-10-07 12:49:44,Apa itu kahf ye?,POST,3,6,0,0
https://www.threads.com/@jn.mjid/post/DeLpewLEkLE,threads,jn.mjid,2026-10-07 12:50:38,"Kahf’s customer base bukan almost 99% lelaki ka? 😭 Dorang underestimate Malaysian men so bad. Once lelaki sini cakap BOIKOT, bro, it’s over. Bukan “boikot for a week then sambung beli” 😭
Y’all really thought they were coming back? 🙂‍↔️",POST,6,0,0,1
https://www.threads.com/@iqbal.idham/post/DeLpf99EXue,threads,iqbal.idham,2026-10-07 12:50:48,"Isu kahf yang dikatakan merendahkan Malaysia menyebabkan ada seruan untuk boikot.

Kahf adalah produk berasal Dari Indonesia.

Bagi anda bagaimana ? Ia sekadar troll bola biasa atau keterlaluan ?",POST,0,0,0,0
https://www.threads.com/@atiqahtq/post/DeLpiBHneNE,threads,atiqahtq,2026-10-07 12:51:04,Kahf gali kubur sendiri. Tahniah kahf.,POST,1,0,0,1
https://www.threads.com/@akmlezzdn/post/DeLpi1XoyMz,threads,akmlezzdn,2026-10-07 12:51:11,"Seriously Kahf?!?? aku pengguna tegar Kahf kut, and kau buat posting murahan just sebab BOLA?? on your main account?? 

tak guna product bagus kalau sense of respect and professionalism untuk run company tu takde. Time to switch to Bad Lab!",POST,21,1,1,3
https://www.threads.com/@sindikat.media/post/DeLpw5_k58Z,threads,sindikat.media,2026-10-07 12:53:09,"Lebih bijak bermedia sosial yagesyaa

#beritaviral #kahf #kahfmalaysia #malaysia",POST,0,0,0,0
https://www.threads.com/@bukharydarrosah/post/DeLp7LSkRr9,threads,bukharydarrosah,2026-10-07 12:54:30,"Jangan maki dulu, bende boleh runding.

Minum kat mamak. Tibe air teh rasa sabun cuci pinggan perisa lemon 🍋 
Panggil waiter ckp “bang, rasa sabun”. Dia terus amik cawan aku tukar air baru.

Good attitude, will repeat. Kahf? Bad attitude, do boycott no need to runding2. ف ق",POST,9,0,0,0
https://www.threads.com/@bruchinoy/post/DeLqAJ4Exjx,threads,bruchinoy,2026-10-07 12:55:11,"Brand ni dah minta maaf tapi masih menganjing?

Dear Malaysians, they don’t take us seriously guys. Tiktok live KHAF pin komen berbaur sentimen merendahkan negara lain. 

Sangat sangat tidak professional 👎🏻
saya sbg rakyat Malaysia akan BOIKOT ‼️",POST,163,20,6,47
https://www.threads.com/@jay.aliiiii/post/DeLqBTdgVGR,threads,jay.aliiiii,2026-10-07 12:55:21,Enjoy roti bakar sambil tengok KAHF kena roast 😂,POST,20,2,0,0
https://www.threads.com/@semanis_ayu11/post/DeLqCFyETWt,threads,semanis_ayu11,2026-10-07 12:55:27,Busuk gila laki aku harini. Tanak peluk. Sebab dia pakai kahf 😂 esok buang. Sebab dia baru baca thread.,POST,2,0,0,0
https://www.threads.com/@nazurhismail/post/DeLqJm1GDkA,threads,nazurhismail,2026-10-07 12:56:29,"big brand, zero professionalism",POST,0,0,0,0
https://www.threads.com/@apisbaek/post/DeLqJ0QE3V9,threads,apisbaek,2026-10-07 12:56:30,nasib baik la tak pernah join campaign @kahfeveryday.my,POST,1,0,0,0
https://www.threads.com/@moyhahaaaz/post/DeLqQ7lEyVV,threads,moyhahaaaz,2026-10-07 12:57:29,"@kahfeveryday @kahfeveryday.my kalau nak kami x boikot, make sure jerebu hilang dalam masa 3 hari. Sekian",POST,0,0,0,0
https://www.threads.com/@sydmohammad.n/post/DeLqaOhj5jO,threads,sydmohammad.n,2026-10-07 12:58:45,Sekali sampah selamanya sampah @kahfeveryday.my @kahfeveryday kecewa support brand tak professional.,POST,2,0,0,0
https://www.threads.com/@mhmmdn4z/post/DeLqkhnkZVU,threads,mhmmdn4z,2026-10-07 13:00:09,Boleh dah start boikot @kahfeveryday.my korang tgk dia siap pin post lagi 😌. Menyirap je nengok,POST,15,1,0,1
https://www.threads.com/@ayie_phratuchiyat3108/post/DeLqpBHAWjx,threads,ayie_phratuchiyat3108,2026-10-07 13:00:46,Harap cowok ni dipecat @kahfeveryday @kahfeveryday.my,POST,0,0,0,0
https://www.threads.com/@sukili_aremeen/post/DeLqp2GAQbO,threads,sukili_aremeen,2026-10-07 13:00:53,"Boikot brand Kahf kasi gulung tikar.. melingkup la kau. Beda level? 

tunggu... kita lihat nnt siapa yg beda level",POST,1,0,0,0
https://www.threads.com/@rojieada/post/DeLqtj9kimM,threads,rojieada,2026-10-07 13:01:23,yang mana nak cari alternatif kahf tu bole try Bad Lab!,POST,0,0,0,0
https://www.threads.com/@bellelunax/post/DeLqyo3FFnh,threads,bellelunax,2026-10-07 13:02:05,Macam ni ke cara @kahfeveryday.my @kahfeveryday minta maaf? Hehe 😆,POST,3,0,0,1
https://www.threads.com/@anwarznl/post/DeLq6iUEVfb,threads,anwarznl,2026-10-07 13:03:09,"Silap besar cari pasal dgn netizen Malaysia. Ayuh kita ganyang brand ni 🤣. 

#jalanrasisyangkaupilih#ganyangindo",POST,0,0,0,0
https://www.threads.com/@whooooareyouuu/post/DeLrEpBDz_L,threads,whooooareyouuu,2026-10-07 13:04:32,@kahfeveryday @kahfeveryday.my teruk sangat pemilihan staff korang ni. Host live dengan moderator tak dilatih untuk handle situasi macam ni ke?? Teruk sangat management company ni 🤣 jangan berharap untuk go bigger kalau perangai staff still macam ni. Memalukan untuk brand yang dah ada nama,POST,1,0,0,0
https://www.threads.com/@atikah_mc/post/DeLrF-jkoN-,threads,atikah_mc,2026-10-07 13:04:43,"Mau tanya, @kahfeveryday.my emang post apa sih sampe di boikot??
Sabar ya kahf… kamu salah apa sih?? Wkwk",POST,2,14,0,0
https://www.threads.com/@zzz_jixx/post/DeLrR0Wj6Ed,threads,zzz_jixx,2026-10-07 13:06:20,"Honestly, dearest Indonesians, you guys really just shot your own local brand in the foot. 😭

What Kahf did with that thread was absolutely wrong… no argument there. But the way Indonesian netizens reacted has arguably made the situation even worse. 👎🏽

Have you guys learned nothing from Dolce & Gabbana and H&M in China, Carrefour in Jordan, or KFC, McDonald’s and Starbucks in Malaysia?

#dontmesswithmalaysian",POST,15,3,1,4
https://www.threads.com/@muhd_haikal_slm/post/DeLrTYFkgJ2,threads,muhd_haikal_slm,2026-10-07 13:06:33,"Nak tukar deodorant tapi tak tahu nak pilih yang mana? 👀

Kalau sebelum ni biasa pakai Kahf, boleh consider cuba Bad Lab 🇲🇾

Cooling + anti-bacterial + deodorising — sesuai untuk daily use, especially cuaca panas macam Malaysia 🥵

RM12.99 je 👀

👉 https://s.shopee.com.my/6AlbCEDjRK

#LocalBrand #Deodorant #BadLab #ShopeeFinds",POST,1,0,0,0
https://www.threads.com/@zalicious._/post/DeLrZankt9o,threads,zalicious._,2026-10-07 13:07:22,kahf dah jadi fakkahf everyday ke,POST,3,0,0,1
https://www.threads.com/@cincawniima_67/post/DeLraudj1sy,threads,cincawniima_67,2026-10-07 13:07:33,"Isu hangat pasal kahf ni, aku rasa kafh ni asal dari Thailand. Selalu dengar diorang cakap "" kap kun kafh"" welcome to thailand...",POST,0,0,0,0
https://www.threads.com/@wwijayas/post/DeLrfGOiTxn,threads,wwijayas,2026-10-07 13:08:09,Team marketing yang disuruh ride the wave trend pasti ketar ketir,POST,0,0,0,0
https://www.threads.com/@norhalim_pru/post/DeLrjxemKCq,threads,norhalim_pru,2026-10-07 13:08:47,@kahfeveryday  kenapa kamu menghina Malaysia hanya sebab bolasepak ? @kahfeveryday.my  tolong sound kahf indonesia biar berpada pada sikit,POST,0,0,0,0
https://www.threads.com/@faresyaelya/post/DeLrnyTlK1K,threads,faresyaelya,2026-10-07 13:09:20,Did you forget digital footprints exist? @kahfeveryday @kahfeveryday.my,POST,0,0,0,0
https://www.threads.com/@c_capikkelindan/post/DeLrtJmk8_e,threads,c_capikkelindan,2026-10-07 13:10:04,"Susu Everyday & Kahf everyday.

Utk meningkatkan daya tahan badan Dan membantu mengelakkan IQ menjunam ke tahap 78, minumlah susu everyday setiap hari.

Kalau Kahfeveryday, bimbang level IQ menjunam ke level 78.",POST,0,0,0,0
https://www.threads.com/@aliffjasfahh/post/DeLr4WFkQHz,threads,aliffjasfahh,2026-10-07 13:11:36,"Hello warga thread, since boikot brand itu kan! Suggest me men deodorant yg okay kalau korang jenis kuat peluh!",POST,2,0,0,0
https://www.threads.com/@adzradhafwtl/post/DeLr6X1mWBv,threads,adzradhafwtl,2026-10-07 13:11:52,LOUDER,POST,0,0,0,0
https://www.threads.com/@newcastle9511/post/DeLsFbRH3mr,threads,newcastle9511,2026-10-07 13:13:23,"@meta.ai  berapa purata produk kahf yg berapa di malaysia, dari segi jualan keuntungan dan sebagai... apa impak boikot..",POST,0,2,0,0
https://www.threads.com/@komputer.pejabat/post/DeLsLihGdnH,threads,komputer.pejabat,2026-10-07 13:14:13,"kahkahkahkah.. dulu laku keras, sekarang mampus keras la produk indog ni.. kahkahkah lagi..",POST,0,0,0,0
https://www.threads.com/@tia.0w.y/post/DeLsSSbn-4L,threads,tia.0w.y,2026-10-07 13:15:08,Wow the ducking audacity teruknya perangai @kahfeveryday.my @kahfeveryday @kahfcommunities,POST,0,0,0,0
https://www.threads.com/@ijaicool/post/DeLsbXmlAys,threads,ijaicool,2026-10-07 13:16:23,"Ok je kalau dah tak mahu guna Kahf sebab ada banyak alternatif lain seperti Sod, Dhod, Tho dan Zho",POST,33,0,0,2
https://www.threads.com/@sitinurhiqmah_/post/DeLso97EU0A,threads,sitinurhiqmah_,2026-10-07 13:18:14,"MAAF, TETAP BOIKOT‼️
Jenis tak sedar menumpang cari rezeki di negara orang. Puiii laaa.

Disebabkan KAHF, brand lain yg asal indon pun kena boikot sekali. The real definition of ""kerana nila setitik, rosak susu sebelanga""🤌🏻",POST,0,0,0,0
https://www.threads.com/@ahmaddeal22/post/DeLspM0EaYU,threads,ahmaddeal22,2026-10-07 13:18:16,"saja la tgk Live KAHF td..
End. End. End 🤣🤣🤣🤣
Mental host tu..3 Live End..Baru ckit kne ngn Netizen🤭",POST,0,0,0,0
https://www.threads.com/@diena38/post/DeLstEnI5Q4,threads,diena38,2026-10-07 13:18:48,"Eleh nk jaga periuk nasi sendiri!! Walaupon aku xpernah pakai produk kahf aku tetap nak boikot !!!! Damage already done !! Next time think twice before you post something .. well known company but unprofessional ! Nak heran  tp dari konoha , rest the case 🫣",POST,0,0,0,0
https://www.threads.com/@zulyusmar/post/DeLst2en5uE,threads,zulyusmar,2026-10-07 13:18:54,"Being in PR, my advice to influencers yang ada kaitan dengan @kahfeveryday.my, better hold off any posting dulu. Tak payah volunteer jadi collateral damage bila brand tengah kena hentam dengan netizens.

Your personal brand took years to build. Jangan rosakkan sebab satu paid posting. Some cheques are really not worth the PR crisis.",POST,2,0,0,1
https://www.threads.com/@jeyahmad/post/DeLswcXgWWB,threads,jeyahmad,2026-10-07 13:19:15,Buat hal la kahf 😅😂,POST,0,0,0,0
https://www.threads.com/@hanariff/post/DeLs1K9lIal,threads,hanariff,2026-10-07 13:19:54,Habis la kau KAHF !!!,POST,1,0,0,0
https://www.threads.com/@adzradhafwtl/post/DeLs2GLGYRg,threads,adzradhafwtl,2026-10-07 13:20:02,"Malaysian, jangan layan bertekak dgn si indo tu. Kita fokus dengan negara membangun, rupiah biarkan je jatuh? Silakan. Just make sure, apepun jadi kpd mereka, jangan lagi tolong! Grab? Pembenihan awan? Travel? KAHF? No! Big no! 

Ohhh NOT ALLOW rakyat Indonesia datang Malaysia to work here. Kami tknk jadi adik beradik kau. Perangai macam roro!",POST,1,0,0,0
https://www.threads.com/@normankucu/post/DeLtA7pGm0_,threads,normankucu,2026-10-07 13:21:30,"Apa yang difikirkan team social media Kahf waktu nak buat posting tu? Siapa yang approve untuk buat posting tu? Dan paling penting kenapa nak terlibat drama yang tak penting, kan dah makan diri 🥲",POST,1,1,0,0
https://www.threads.com/@malaysiabertauhidofficial/post/DeLtCNJHZFI,threads,malaysiabertauhidofficial,2026-10-07 13:21:41,"Big brands, special offer.

US$2,000 for 20 ads.

Except KAHF products ❌

Malaysia Bertauhid reaches an average of 600K views per day.

Local brands 🇲🇾 are also welcome !

Text me for this offer.",POST,6,0,0,0
https://www.threads.com/@azimsharani/post/DeLtDXMo1ql,threads,azimsharani,2026-10-07 13:21:50,Akaun official Kahf ni memang yang handle budak 12 tahun ke?,POST,0,0,0,0
https://www.threads.com/@fiena_nasir/post/DeLtFcPCWQd,threads,fiena_nasir,2026-10-07 13:22:07,"Isu Kahf ni buat kita nampak satu benda… 👀
Founder Malaysia pun ramai yang power gila sebenarnya. 🇲🇾❤️

Cuma belum semua orang kenal lagi.",POST,0,0,0,0
https://www.threads.com/@gunkarta/post/DeLtFnsoyV3,threads,gunkarta,2026-10-07 13:22:09,"Mbok ya kalo boykot2 produk tuh terkait isu kemanusiaan, genosida, ekonomi, kesejahteraan buruh, demokrasi, atau lingkungan hidup (environment) lah. Lha ini mah bola... Then again itu duit2 lo, ya bebas aja sih. Knock yourself out...",POST,0,0,0,0
https://www.threads.com/@irfansharif1912/post/DeLtOmzE8eT,threads,irfansharif1912,2026-10-07 13:23:22,"Boleh guna contoh kahf ni, kenapa syarikat perlu ada team PR dan branding yang baik. Macam tu je dia rosakkan market sendiri.",POST,0,0,0,0
https://www.threads.com/@shidqi.mf/post/DeLtQD8k662,threads,shidqi.mf,2026-10-07 13:23:34,"Kahf emg blunder banget, tapi saya suka banget ama produk nya mulai dari deo, face wash sampe sun screen pun kahf selalu menemani, dari yg dulu ganti2 ga cocok....sebagai WNI mau malaysia super boikot, kita2 yang harus borong gesss. Udh produk lokal, kualitasnya oke dan produknya tidak terafliasi Israel🫡 saya sayang sama kahf jangan sampe kenapa2 xixie",POST,0,0,0,0
https://www.threads.com/@iqah.dila/post/DeLtP9jE6r_,threads,iqah.dila,2026-10-07 13:23:34,"Banyaknye topik berat nak kena hadam untuk minggu ni je! Apalagi yg tak masuk list?💆‍♀️
- Kotorkan masjid dgn taik babi
- Nak bagi anak puak roro masuk skolah kerajaan
- Dr genz tak lapor diri kat Sabah Sarawak
- Brand Kahf mntk maaf
- Jerebu kat M'sia makin teruk, IPU makin tinggi
- Kes bunuh budak sekolah kat Yong Peng",POST,0,0,0,0
https://www.threads.com/@jafarull_afan/post/DeLtTIEH8pE,threads,jafarull_afan,2026-10-07 13:23:59,"Strategi Sosmed Interaktif So Asik Berujung Blunder dari @kahfeveryday 

Sebenarnya strategi ini tuh bagus-bagus aja, akun brand nya aktif ga kaku, lebih ""merakyat"", dan bikin beda.

Tapi kalo gatau batas ya jatohnya blunder. Apalagi sampe ada yang tersinggung, inget ya Kahf itu akun brand, bukan personal. 

Kalo akun personal post kaya gituan mah no problem, tapi akun brand? Beehhh dirujak ga tuh sama netizen. 

So nasi udah jadi bubur, enjoy the game 😃",POST,0,0,0,0
https://www.threads.com/@kiah_harum/post/DeLtU4gIMH_,threads,kiah_harum,2026-10-07 13:24:14,"Baru bukak thread mcm2 isu ya. 

Oh btw yg cakap perfume reviewer malaysia tak hensem tu.. hm sampai hati. Ko lawo tak? Meh sni nk tgk. Ko tak lawo awas ya , aku ludah muka ko.

Pastu kan , pasal kahf . Kenapa kahf ? Kenapa? Selesa sangat ko ni. Nasib tak pernah review .",POST,2,1,0,0
https://www.threads.com/@justmexinn/post/DeLtah1Evgv,threads,justmexinn,2026-10-07 13:25:00,"What a terrible haze! Kahf Kahf 

View from 53, 54th floor",POST,0,0,0,0
https://www.threads.com/@amkholid/post/DeLtbJ5EcAG,threads,amkholid,2026-10-07 13:25:05,ok faham,POST,1,0,0,0
https://www.threads.com/@jakerhaha/post/DeLtbyqGIoJ,threads,jakerhaha,2026-10-07 13:25:10,"Plot twist isu Kahf ni 🤔

Boikot selamanya atau sementara?

Kalau rakyat Malaysia boikot Kahf 🇲🇾, tak semestinya Kahf yang paling rugi.

Sebab Kahf ialah brand Indonesia 🇮🇩. Bila kena boikot dari Malaysia, ada kemungkinan rakyat Indonesia pula rasa nak support produk tempatan mereka.

Tambah pula saiz pasaran Indonesia jauh lebih besar.

Dan realitinya, boycott di media sosial tak semestinya kekal lama. Mungkin hari ni boikot, beberapa bulan lagi beli balik?",POST,2,1,0,0
https://www.threads.com/@fayyadh.mohammad/post/DeLtdrsEmYD,threads,fayyadh.mohammad,2026-10-07 13:25:26,aku baru bangun. apa jadi dengan kahf?,POST,0,0,0,0
https://www.threads.com/@thrix9.store/post/DeLtqren_li,threads,thrix9.store,2026-10-07 13:27:12,"Gaiss face wash apa yg okay selain kahf, tolong suggest 😂",POST,0,0,0,0
