source_post_url,platform,post_views,post_likes,post_comments,post_shares,comments_captured,comments_incl_replies
https://www.threads.com/@introvertmilo/post/DeK0dyGkjDj,threads,94900,1669,166,185,108,140
https://www.threads.com/@ariffariffinn/post/DeKLmW1EzwH,threads,1000000,16299,944,1036,448,700
https://www.threads.com/@nazrul/post/DeKHrytiZ_n,threads,124000,4600,197,284,93,133
https://www.threads.com/@dvnilicious99/post/DeKV_IHEzUA,threads,8000,134,217,3,45,78
https://www.threads.com/@rizespresso/post/DeKW2vUDwsN,threads,199000,9249,176,192,183,209
https://www.threads.com/@naimboyka/post/DeK8ySOgfnF,threads,139000,10172,645,103,196,362
https://www.threads.com/@arp.raa/post/DeKsuRQE-dt,threads,104000,783,1348,55,475,591
https://www.threads.com/@deltaoscardelta_/post/DeK6z83ktmr,threads,80600,240,1269,106,819,1011
https://www.threads.com/@frisimran._/post/DeKazvAkhdI,threads,87400,2414,189,314,111,152
https://www.threads.com/@fidzhamzah/post/DeLD-aVkzF5,threads,56000,1531,278,108,128,206
https://www.threads.com/@ezreenmarzukhi/post/DeKJ3tME2Py,threads,64900,722,170,106,59,85
https://www.threads.com/@mbsbbank/post/DeK9vWXk1Xh,threads,116000,7041,531,133,311,481
https://www.threads.com/@hazeed.33/post/DeK5lROEluw,threads,31400,280,183,49,109,158
https://www.threads.com/@edayart_/post/DeJ3UARD65o,threads,437000,8080,1012,1813,347,563
https://www.threads.com/@aimannahmaddd/post/DPKsYDQEp60,threads,78500,711,155,57,122,145
https://www.threads.com/@alisyukry/post/DeKpH6oE2K1,threads,218000,5449,276,641,101,159
https://www.threads.com/@theultraimam/post/DeKGo5bkwEg,threads,120000,7374,358,258,253,332
https://www.threads.com/@alanghanafi/post/DeKJBTxgeOD,threads,283000,12962,94,208,93,121
https://www.threads.com/@kahfeveryday/post/DeKWiJ5k7o6,threads,459000,318,1074,109,554,693
https://www.threads.com/@solehahzyn/post/DeKAP4tGKpC,threads,68900,2187,564,96,390,507
https://www.threads.com/@ibnu.rasikh/post/DeK51uWk8Pm,threads,40300,839,315,27,136,217
https://www.threads.com/@xclqerr/post/DeKoL67E7jN,threads,81500,401,642,48,389,498
https://www.threads.com/@theverraoktavianti/post/DeLEMAoE0OU,threads,55200,1891,418,58,151,301
https://www.threads.com/@ffzl._/post/DeKSMwcCYbS,threads,84400,2349,83,61,70,85
https://www.threads.com/@financialfaiz/post/DeK_3roH2im,threads,91500,2939,274,71,187,263
https://www.threads.com/@_azmikhael_/post/DeKwdkIkpqP,threads,308000,2524,922,366,358,529
https://www.threads.com/@vier4x4/post/DZ4AitBE--d,threads,604000,5437,1203,763,641,782
https://www.threads.com/@mustaphashobri/post/DeKkBuaE8qh,threads,68700,7378,481,30,62,122
https://www.threads.com/@ezreenmarzukhi/post/DeK-J8nE6BP,threads,124000,3680,445,143,297,399
https://www.threads.com/@watsonsmy/post/DeI2M5kCXbt,threads,208000,1769,401,31,189,367
https://www.threads.com/@bruchinoy/post/DeJ8_vmk124,threads,709000,18509,1367,4435,896,1097
https://www.threads.com/@haziqhamzah_/post/DeKgS_dEuYS,threads,101000,1664,500,384,356,470
https://www.threads.com/@adldinda_/post/DeKMszRE4Zo,threads,74400,1429,250,114,116,181
https://www.threads.com/@hafizz4/post/DeKHHk5mcWZ,threads,149000,14002,229,91,108,163
https://www.threads.com/@fieyzieyshah/post/DeKSV38GSyr,threads,239000,6617,1566,317,356,810
https://www.threads.com/@kahfeveryday.my/post/DdNY1fHCXCM,threads,65800,52,249,1,147,201
https://www.threads.com/@evolwithlovi/post/DeLGvnskzDs,threads,10900,39,209,4,58,103
https://www.threads.com/@kahatunying/post/DeJTz3ilF7C,threads,28800,1031,101,26,76,103
https://www.threads.com/@watsonsmy/post/DeK2tYaiJFo,threads,78000,1422,390,58,320,364
https://www.threads.com/@afiqkdsons_/post/DeKHBxzktnA,threads,401000,5502,694,562,338,496
https://www.threads.com/@syyariif_/post/DeJ1lGDGPvc,threads,27000,215,280,8,86,122
https://www.threads.com/@kahfeveryday.my/post/DdWf8mBCVZp,threads,47400,11,281,10,227,257
